anime,producer
1,23
5,14
5,23
18,67
18,829
21,169
21,416
21,1365
24,16
24,64
24,82
24,92
24,108
24,315
24,829
25,42
25,144
25,146
26,86
26,160
26,169
26,204
29,82
29,145
31,166
31,167
31,717
31,1461
33,29
33,148
33,1003
45,17
45,149
45,169
46,169
46,757
47,143
47,159
47,245
48,23
48,127
48,230
48,231
50,23
50,145
52,717
57,82
57,92
57,142
57,159
58,220
58,224
59,145
59,204
60,104
60,113
60,169
63,23
63,34
63,79
63,104
64,71
64,144
64,145
64,647
64,829
67,42
67,159
67,1597
68,42
68,53
68,145
68,1597
72,103
72,113
72,169
72,170
72,211
72,352
72,460
72,787
72,929
73,113
73,787
74,17
74,161
75,717
76,92
76,313
83,64
83,1175
84,23
85,64
85,1366
86,64
86,1366
87,64
87,217
87,1175
88,64
88,109
88,1175
88,1366
89,55
89,64
89,747
90,55
91,23
91,64
95,64
95,169
96,55
96,64
99,23
99,104
99,717
100,113
100,160
101,144
101,145
101,166
103,139
103,1365
104,23
105,1461
107,17
108,17
111,111
111,216
113,92
113,717
115,204
120,16
120,139
120,1344
123,16
123,62
123,127
123,747
125,104
129,16
129,53
129,86
132,145
132,159
132,160
132,211
134,82
134,169
136,169
144,166
144,169
144,769
145,16
145,721
146,31
146,145
146,160
146,166
147,104
147,108
147,182
149,23
149,55
149,166
150,17
150,143
151,141
152,48
152,55
152,1597
153,161
154,16
154,139
154,717
155,113
155,123
155,165
155,166
155,167
155,168
156,23
156,113
156,164
156,665
157,92
158,160
158,717
161,42
161,55
161,170
164,382
164,1003
166,42
166,1597
167,113
167,171
168,127
174,55
175,717
177,111
177,159
178,318
178,829
180,42
180,53
180,108
181,42
181,53
181,108
182,16
182,23
183,82
184,787
185,67
185,169
192,92
192,127
192,1461
193,113
193,460
193,787
193,1516
194,23
195,23
195,79
198,55
198,318
198,416
199,245
205,123
205,169
205,271
205,382
205,464
206,113
206,127
206,165
209,17
209,37
209,116
209,757
210,62
210,99
210,169
210,1430
218,92
218,127
218,1461
222,1
222,109
222,647
222,787
223,169
226,29
226,79
226,171
230,29
230,1003
232,111
232,159
232,161
232,236
234,16
234,134
238,169
239,42
239,55
239,108
239,1597
240,79
240,104
240,158
240,741
242,29
242,829
243,17
245,17
245,169
247,96
251,111
252,123
255,23
261,50
261,829
262,50
263,29
270,169
270,204
271,34
271,108
271,170
271,827
272,123
273,160
273,204
273,278
274,880
276,145
276,204
278,16
278,135
278,240
279,65
279,190
279,245
279,577
281,104
281,182
282,17
286,65
286,707
287,1307
290,23
290,33
290,89
293,116
297,109
297,113
297,741
299,23
299,230
299,231
305,921
311,65
311,143
314,23
314,65
315,156
315,362
321,42
321,108
321,323
323,33
323,517
323,577
324,577
329,23
329,111
330,23
330,104
331,53
331,1415
332,16
332,64
334,1415
335,16
335,211
337,92
337,721
338,1003
339,16
339,31
339,79
339,204
339,717
339,769
340,16
340,64
340,82
340,108
341,16
341,17
341,64
341,149
342,31
344,111
345,144
345,145
345,741
345,1556
347,17
347,33
350,1415
352,1415
353,1415
360,211
360,829
360,1313
360,1563
360,1564
360,1565
364,16
364,17
367,139
370,48
373,92
373,166
375,166
378,23
378,79
380,23
380,166
383,23
383,116
383,829
385,1412
386,1415
389,777
391,31
391,61
392,127
392,169
393,1175
395,169
396,23
396,33
396,89
397,23
397,33
397,89
398,23
398,89
399,23
399,33
399,89
400,64
400,123
403,40
404,1365
407,86
407,159
411,210
413,193
413,1344
413,1570
416,382
416,1003
420,145
420,1585
421,23
422,23
423,23
423,24
424,199
430,17
430,58
430,109
430,143
431,164
431,382
432,23
435,76
437,1850
440,16
440,1461
441,1461
442,17
442,230
442,717
442,1365
443,23
443,33
443,104
446,155
446,158
446,166
457,52
457,82
457,147
457,711
460,769
460,1365
462,769
464,169
464,769
465,769
465,1365
467,23
467,53
467,123
467,159
467,178
467,382
467,1003
469,33
469,61
469,113
469,213
473,23
473,55
473,104
474,199
476,17
477,16
477,109
477,1452
481,139
483,55
483,108
483,123
486,33
486,79
486,144
486,412
486,665
486,681
488,145
488,166
489,17
490,58
490,92
490,721
493,48
493,204
495,64
495,166
495,717
496,113
496,310
503,114
503,342
505,16
505,51
505,139
506,829
507,17
507,155
507,166
509,204
509,1685
513,382
517,829
519,92
519,717
522,113
524,23
524,33
524,104
525,29
525,1003
526,123
526,148
527,16
527,717
527,829
528,16
528,62
528,170
528,829
529,141
529,224
529,577
532,55
535,7
535,16
535,153
537,285
537,757
540,204
543,155
543,166
544,109
544,198
544,230
548,248
550,139
557,144
558,111
559,230
560,92
563,92
563,166
563,1003
567,23
568,123
569,29
569,351
569,1344
569,1378
569,1511
574,23
574,1175
574,1588
576,104
576,315
581,23
584,104
584,108
584,253
584,741
584,1588
587,144
587,399
588,208
588,209
592,65
592,577
595,113
596,166
596,204
601,92
601,1344
604,23
604,31
604,100
604,675
604,717
606,23
609,24
609,146
609,577
614,108
614,827
616,16
616,139
617,166
618,494
620,16
621,23
621,89
621,213
621,647
623,16
623,34
623,79
623,142
623,164
623,238
623,829
624,116
627,62
627,111
629,23
629,110
629,217
629,220
633,50
653,23
653,116
653,127
653,829
655,23
655,24
655,93
655,104
655,116
658,29
658,1003
659,113
666,1365
667,23
667,104
669,79
669,104
669,158
669,741
670,81
671,81
675,50
678,23
679,332
685,160
688,23
688,880
693,31
693,647
693,741
696,16
696,204
705,40
708,73
710,145
714,126
714,390
715,145
718,145
721,647
721,721
721,751
729,86
731,815
732,30
732,80
732,166
732,177
732,1479
732,1480
738,16
738,62
738,171
744,249
758,108
758,109
758,142
758,765
759,53
759,79
759,577
766,61
766,113
766,213
766,1439
770,324
771,31
771,82
776,79
777,31
777,549
777,1553
786,158
786,159
786,166
790,31
790,33
790,765
791,382
793,109
793,159
793,166
795,111
798,23
798,104
799,123
800,44
800,79
800,113
800,118
800,204
807,109
807,111
807,159
807,166
807,316
812,23
812,64
813,169
814,10
814,139
815,139
815,1365
816,79
816,204
818,99
818,210
820,99
821,67
821,169
822,67
822,169
824,50
831,113
831,116
831,145
831,204
834,16
845,17
845,242
845,757
846,64
846,82
846,829
850,31
850,203
853,29
853,148
853,1003
855,104
855,715
857,82
857,159
865,64
865,1366
866,92
866,665
866,721
867,113
868,16
868,153
872,577
872,1584
874,127
874,169
876,86
876,494
877,29
877,1003
877,1365
878,16
878,53
878,1175
879,23
879,64
879,717
880,145
880,159
883,166
883,171
884,62
885,382
890,123
905,494
912,169
912,675
914,80
914,99
914,145
914,391
914,829
915,139
915,147
916,33
916,109
917,220
919,577
920,160
920,204
920,741
927,465
928,465
930,17
935,42
935,147
935,1597
937,23
937,145
937,166
937,577
938,23
938,322
938,921
940,92
940,675
940,681
942,31
942,71
942,170
942,1452
942,1622
942,1624
949,24
949,577
951,169
953,53
953,147
953,169
953,517
953,757
956,921
957,111
957,161
958,23
958,145
959,222
960,222
961,17
961,73
961,127
961,167
961,213
961,717
961,757
962,16
962,109
962,1452
969,111
970,16
970,164
975,17
978,23
978,165
978,921
982,104
982,787
989,306
991,45
992,204
995,10
995,1365
999,166
1000,199
1002,23
1003,23
1003,48
1006,204
1006,470
1008,144
1008,169
1009,92
1009,126
1009,139
1009,169
1010,169
1013,33
1013,109
1013,159
1013,765
1015,113
1015,787
1016,155
1016,166
1017,113
1017,145
1018,113
1018,145
1021,16
1021,62
1025,204
1027,110
1029,382
1030,278
1030,1003
1032,127
1036,122
1036,285
1043,155
1043,166
1043,757
1045,64
1045,777
1049,21
1050,52
1050,53
1050,55
1052,50
1052,99
1058,63
1058,78
1058,144
1059,322
1059,323
1060,86
1060,204
1064,23
1064,322
1064,921
1065,86
1068,199
1069,55
1072,1584
1079,204
1081,29
1081,204
1082,79
1082,104
1082,741
1087,245
1090,64
1091,64
1092,64
1095,23
1095,109
1095,230
1095,577
1096,23
1096,29
1096,109
1096,577
1097,50
1097,254
1101,31
1101,79
1101,204
1101,1577
1105,1584
1106,1584
1108,717
1109,29
1110,434
1117,829
1118,829
1120,829
1121,16
1121,62
1121,829
1122,829
1123,16
1123,53
1128,108
1128,460
1128,741
1135,929
1137,55
1146,204
1152,1270
1156,42
1156,108
1158,123
1161,113
1168,164
1170,113
1170,165
1171,23
1176,50
1177,23
1177,79
1177,135
1177,238
1177,323
1183,50
1183,462
1185,16
1185,79
1185,204
1191,23
1199,111
1203,318
1204,23
1204,184
1205,249
1206,86
1209,29
1209,234
1209,382
1209,517
1209,1003
1209,1312
1210,111
1210,123
1211,199
1214,55
1216,254
1222,82
1222,144
1222,711
1224,116
1225,18
1225,23
1225,159
1231,16
1231,64
1234,104
1239,55
1241,143
1243,60
1243,134
1243,285
1246,131
1250,16
1250,31
1250,64
1250,123
1251,111
1251,161
1259,1365
1261,64
1261,199
1261,1513
1269,157
1277,113
1277,468
1280,245
1281,17
1286,323
1288,577
1293,99
1293,169
1297,144
1298,144
1300,144
1313,127
1313,169
1316,17
1316,80
1316,135
1317,23
1336,155
1337,169
1337,921
1338,757
1338,1270
1340,166
1340,757
1343,921
1347,220
1351,31
1351,1372
1352,342
1355,278
1363,156
1370,1055
1371,111
1371,577
1372,23
1372,145
1372,159
1372,1585
1380,48
1381,23
1381,33
1381,89
1384,1372
1398,143
1398,199
1399,23
1399,143
1399,199
1400,143
1400,199
1410,5
1410,23
1411,92
1412,73
1412,86
1413,29
1413,1003
1417,65
1418,29
1422,29
1422,73
1422,577
1423,29
1423,65
1430,65
1432,65
1432,245
1433,65
1434,29
1434,73
1436,29
1436,65
1436,577
1437,29
1437,73
1437,577
1439,29
1439,65
1440,48
1440,220
1443,213
1443,1446
1450,23
1452,145
1452,1480
1453,99
1454,33
1456,123
1456,169
1456,204
1462,23
1462,109
1462,123
1462,159
1470,17
1480,85
1483,29
1483,62
1487,23
1487,230
1497,68
1501,34
1516,62
1516,119
1516,131
1516,135
1516,757
1517,64
1519,31
1519,69
1520,140
1520,1373
1527,119
1527,829
1528,122
1528,123
1529,152
1532,23
1532,104
1532,166
1533,50
1533,139
1533,829
1534,1415
1535,29
1535,85
1535,242
1535,1003
1535,1365
1536,31
1536,127
1536,1365
1537,145
1538,42
1538,1597
1539,29
1539,86
1539,159
1539,829
1540,29
1540,86
1540,829
1544,23
1546,721
1548,169
1552,86
1555,85
1556,23
1557,64
1557,1363
1559,16
1559,65
1559,1430
1569,92
1569,399
1569,721
1571,16
1571,52
1571,82
1571,711
1575,23
1575,143
1575,230
1575,757
1575,1233
1575,1488
1577,23
1577,145
1577,159
1577,165
1579,17
1579,148
1579,241
1579,1451
1582,17
1582,86
1582,757
1583,17
1583,145
1583,757
1585,193
1589,169
1589,757
1589,769
1589,1175
1589,1556
1591,79
1591,104
1591,108
1592,159
1592,169
1592,757
1594,17
1594,147
1596,23
1596,104
1598,72
1598,122
1601,42
1601,1597
1603,42
1603,64
1603,79
1603,1121
1604,16
1604,53
1604,82
1604,144
1604,164
1608,23
1608,145
1608,1185
1608,1365
1609,23
1609,104
1611,392
1613,139
1613,1365
1614,16
1617,76
1619,92
1619,721
1625,71
1625,78
1638,169
1641,921
1642,717
1654,23
1654,104
1655,17
1657,157
1657,1270
1668,164
1669,164
1669,367
1670,127
1670,164
1671,113
1678,16
1678,52
1683,100
1683,116
1684,79
1684,140
1685,829
1690,1597
1698,53
1698,79
1698,159
1698,169
1698,306
1698,757
1698,769
1699,42
1699,113
1699,146
1699,147
1699,787
1699,1597
1705,154
1705,283
1706,16
1706,136
1707,16
1707,675
1708,207
1708,921
1709,829
1710,16
1710,62
1710,139
1710,213
1711,144
1718,116
1719,71
1721,79
1721,108
1721,238
1721,681
1721,870
1721,1377
1721,1636
1727,104
1727,144
1727,145
1727,166
1727,306
1727,621
1727,647
1727,1015
1727,1556
1728,16
1731,31
1731,61
1732,92
1732,721
1735,16
1735,17
1735,50
1735,211
1735,717
1735,1365
1736,707
1737,281
1740,55
1740,1450
1741,40
1744,643
1746,122
1751,675
1755,145
1757,145
1759,323
1759,921
1760,65
1762,10
1762,113
1762,166
1762,757
1762,1009
1766,85
1766,113
1768,149
1771,82
1772,1139
1773,1534
1774,23
1792,33
1794,199
1796,1175
1805,323
1805,1131
1807,82
1807,108
1807,1425
1807,1478
1808,116
1808,139
1808,144
1808,909
1811,92
1811,166
1811,245
1812,607
1812,866
1815,31
1815,681
1815,777
1816,16
1817,34
1819,48
1820,29
1823,16
1823,1065
1825,189
1827,111
1827,1175
1829,245
1831,50
1836,647
1840,79
1840,108
1840,109
1840,787
1842,111
1844,23
1852,17
1852,104
1852,145
1852,166
1852,797
1853,921
1856,104
1856,182
1856,211
1858,92
1858,460
1858,681
1859,452
1864,158
1864,241
1869,29
1869,1003
1873,142
1873,288
1874,40
1878,111
1881,83
1889,31
1889,61
1889,64
1889,166
1890,23
1890,159
1891,111
1906,96
1908,278
1913,342
1922,99
1924,99
1930,142
1937,1175
1938,113
1938,329
1944,166
1946,1415
1951,113
1955,1584
1956,79
1956,1175
1956,1636
1961,62
1961,143
1961,145
1961,245
1961,1308
1961,1333
1961,1603
1964,81
1964,167
1965,104
1966,278
1967,64
1968,64
1969,64
1974,73
1974,135
1977,170
1977,1584
1983,147
1983,1003
1992,23
1992,1131
1993,607
1994,5
1995,909
2000,17
2000,55
2000,113
2000,166
2000,757
2000,1319
2001,16
2001,17
2001,53
2001,85
2001,213
2001,230
2002,92
2010,145
2010,159
2011,145
2012,55
2014,159
2016,67
2023,1365
2025,17
2025,58
2025,143
2025,166
2028,224
2030,123
2032,80
2032,1366
2036,86
2036,127
2048,29
2051,68
2051,1003
2052,86
2053,971
2053,1009
2054,207
2059,86
2059,155
2072,50
2077,53
2077,76
2077,159
2079,113
2088,426
2092,1365
2095,144
2098,29
2098,245
2103,757
2103,1480
2106,23
2107,769
2112,64
2112,144
2113,64
2119,86
2128,577
2129,23
2129,104
2130,75
2130,104
2130,870
2130,1450
2131,31
2131,681
2131,777
2132,681
2150,16
2150,92
2156,215
2158,17
2158,143
2158,147
2161,31
2161,51
2164,23
2164,111
2164,382
2166,40
2166,108
2166,213
2166,797
2166,870
2166,882
2167,144
2167,145
2167,166
2167,929
2168,48
2168,167
2171,1157
2172,55
2172,1377
2178,255
2180,220
2198,48
2203,145
2204,33
2212,108
2213,76
2214,52
2214,76
2215,23
2215,717
2216,31
2216,33
2216,1373
2225,169
2228,16
2228,62
2228,326
2231,99
2232,411
2236,113
2236,230
2236,647
2236,787
2237,71
2243,50
2244,208
2248,230
2248,717
2249,141
2249,577
2250,323
2250,1464
2251,17
2251,765
2251,787
2253,921
2256,242
2259,139
2264,109
2268,465
2268,809
2273,23
2273,64
2274,11
2280,16
2280,17
2280,717
2283,55
2283,65
2284,16
2284,139
2289,721
2289,1461
2307,50
2307,254
2313,358
2316,16
2316,479
2318,155
2318,166
2318,757
2319,23
2321,23
2331,65
2331,269
2333,111
2333,198
2335,16
2335,62
2337,79
2354,159
2354,921
2356,17
2356,921
2361,1003
2362,16
2362,193
2364,107
2369,113
2369,689
2382,11
2382,16
2383,65
2398,230
2402,169
2403,23
2403,104
2403,166
2403,399
2403,1377
2404,139
2408,113
2408,139
2409,153
2416,62
2416,64
2420,23
2423,207
2424,111
2427,150
2427,200
2428,150
2429,150
2429,200
2449,23
2449,140
2449,159
2450,55
2450,142
2451,169
2455,50
2455,254
2459,99
2460,99
2467,17
2467,86
2467,252
2468,1365
2472,16
2472,17
2472,53
2472,230
2472,1365
2473,92
2473,155
2473,166
2474,92
2474,155
2474,166
2489,100
2489,150
2489,675
2491,86
2493,86
2494,113
2495,52
2508,79
2508,104
2508,108
2508,158
2508,306
2508,455
2508,777
2510,16
2513,62
2516,23
2516,166
2518,23
2518,147
2518,158
2518,315
2521,48
2524,166
2528,24
2528,155
2536,96
2537,96
2538,283
2543,111
2549,23
2552,62
2552,141
2552,577
2552,1430
2555,169
2557,169
2562,127
2562,144
2562,169
2562,315
2566,119
2570,65
2581,64
2581,142
2581,143
2581,757
2592,155
2592,210
2593,17
2593,159
2593,703
2594,757
2594,1099
2599,92
2603,33
2603,59
2603,116
2603,210
2603,211
2604,85
2608,67
2618,65
2619,16
2619,127
2619,236
2622,905
2623,109
2623,169
2623,204
2627,142
2629,142
2632,142
2634,142
2638,142
2641,142
2644,142
2648,55
2651,142
2655,55
2655,62
2658,55
2673,55
2679,99
2687,169
2695,23
2695,64
2697,29
2703,62
2715,204
2715,667
2716,145
2722,199
2725,204
2726,148
2726,1157
2727,17
2730,183
2732,23
2732,111
2732,230
2733,23
2733,577
2734,322
2734,921
2736,16
2736,62
2736,153
2736,829
2737,29
2744,104
2745,141
2747,1403
2758,16
2758,64
2759,6
2759,92
2759,460
2765,109
2765,1477
2768,123
2772,58
2772,79
2772,577
2776,193
2777,193
2778,193
2782,50
2787,31
2787,681
2795,139
2795,1597
2796,261
2803,1366
2805,65
2805,111
2810,111
2810,198
2810,1009
2813,16
2815,16
2815,841
2818,1175
2819,126
2819,139
2834,142
2839,155
2842,505
2848,53
2848,55
2848,109
2848,757
2848,1607
2876,150
2899,31
2899,61
2899,64
2903,104
2904,23
2904,143
2904,230
2904,1233
2904,1488
2907,1065
2912,1415
2913,169
2916,16
2916,675
2921,583
2927,23
2927,104
2930,80
2930,577
2931,159
2931,1366
2934,64
2934,81
2938,220
2938,351
2951,645
2951,763
2962,23
2969,167
2972,155
2972,166
2972,757
2972,1061
2974,224
2974,288
2978,322
2978,921
2983,166
2983,382
2983,905
2985,29
2985,1365
2986,58
2986,164
2986,210
2986,460
2986,464
2993,42
2993,127
2993,787
2993,1175
2993,1365
2993,1597
2994,1365
2997,200
2997,245
2997,577
2998,113
2998,200
2998,577
2999,113
2999,200
2999,577
3000,145
3001,53
3001,159
3001,169
3001,757
3001,769
3002,29
3002,1003
3004,104
3004,122
3005,332
3011,160
3015,99
3015,306
3015,382
3015,905
3016,382
3024,169
3025,468
3025,971
3025,1259
3025,1260
3026,155
3027,1534
3053,1003
3065,65
3065,198
3065,224
3085,681
3085,777
3087,17
3088,61
3088,157
3091,34
3091,145
3092,61
3092,113
3092,647
3092,1293
3098,16
3098,23
3098,104
3101,829
3112,909
3114,16
3114,127
3131,139
3131,169
3135,224
3136,281
3137,829
3138,48
3138,55
3146,254
3153,255
3153,741
3165,104
3167,324
3167,325
3167,384
3175,200
3176,351
3178,741
3183,342
3183,470
3186,141
3192,99
3192,207
3193,16
3215,170
3225,92
3225,306
3225,717
3227,96
3229,104
3229,829
3229,1261
3230,53
3230,1597
3235,23
3235,200
3251,55
3256,14
3259,48
3259,144
3264,48
3264,144
3267,193
3270,23
3272,1003
3281,1003
3287,193
3288,64
3294,450
3297,16
3297,109
3297,1452
3305,64
3322,113
3322,689
3325,1366
3328,52
3328,82
3328,104
3328,144
3342,29
3342,64
3342,79
3342,238
3342,777
3349,113
3349,880
3354,139
3358,127
3358,144
3358,213
3358,1365
3367,318
3369,55
3369,141
3371,99
3371,382
3418,16
3420,23
3420,79
3420,104
3420,211
3438,169
3446,15
3446,240
3449,31
3451,154
3451,717
3457,16
3457,17
3457,139
3462,92
3462,675
3464,31
3464,236
3464,460
3464,667
3464,675
3465,68
3466,79
3467,31
3467,681
3467,719
3470,777
3480,67
3481,921
3483,99
3496,86
3498,240
3501,52
3501,80
3501,1366
3505,1366
3511,80
3512,1365
3517,378
3518,184
3518,388
3533,193
3547,169
3547,1365
3561,81
3568,76
3572,23
3572,143
3572,351
3574,61
3576,142
3576,167
3576,252
3576,787
3576,1366
3577,104
3593,61
3596,220
3599,144
3599,204
3599,1365
3603,230
3614,92
3614,721
3616,31
3616,61
3616,160
3616,238
3616,460
3616,1679
3619,281
3624,431
3630,55
3631,200
3638,1366
3646,207
3646,1211
3652,31
3652,61
3652,64
3652,166
3655,58
3655,1679
3656,64
3656,79
3667,113
3667,460
3667,689
3669,62
3670,72
3672,16
3672,127
3672,717
3673,753
3673,765
3673,769
3690,126
3695,193
3701,29
3701,33
3702,757
3702,1584
3731,23
3731,643
3734,53
3734,55
3736,17
3744,55
3745,55
3745,142
3763,245
3768,207
3772,27
3772,1384
3778,207
3782,703
3783,703
3784,6
3784,460
3785,6
3785,460
3806,139
3806,142
3823,1415
3825,169
3825,390
3832,193
3838,127
3838,169
3840,24
3840,787
3840,789
3846,55
3848,769
3848,1365
3859,29
3861,717
3869,17
3874,242
3882,48
3889,123
3901,17
3913,67
3927,143
3931,67
3958,17
3958,757
3958,1582
3960,17
3963,64
3963,1175
3968,207
3972,139
3989,141
3989,148
4003,1061
4021,169
4021,757
4024,150
4025,150
4038,16
4038,31
4038,62
4038,213
4039,16
4039,64
4039,213
4044,1512
4050,16
4050,675
4051,398
4052,16
4052,139
4052,215
4053,10
4053,139
4056,23
4056,158
4056,315
4056,1365
4059,144
4074,169
4074,991
4075,42
4075,79
4075,1121
4081,17
4081,139
4081,717
4081,757
4082,104
4083,145
4087,108
4087,109
4087,127
4087,169
4094,1099
4106,464
4106,761
4106,829
4106,1553
4107,17
4121,126
4121,139
4121,169
4134,230
4138,312
4138,679
4151,5
4151,159
4162,23
4162,145
4163,48
4176,48
4176,166
4176,757
4177,17
4177,213
4181,144
4181,145
4181,211
4181,929
4182,17
4182,58
4186,779
4189,1453
4191,5
4191,16
4191,17
4192,16
4192,31
4192,62
4192,474
4195,399
4198,921
4202,159
4208,65
4208,829
4214,42
4214,127
4214,787
4214,1365
4214,1597
4224,79
4224,92
4224,306
4224,675
4224,717
4252,48
4252,155
4252,224
4280,703
4282,703
4286,86
4312,73
4312,1534
4314,249
4318,48
4320,29
4320,577
4320,829
4332,452
4334,16
4334,53
4334,58
4362,417
4371,281
4375,16
4375,17
4375,86
4382,113
4385,921
4386,921
4397,1250
4406,921
4415,167
4427,127
4437,16
4437,17
4437,53
4437,230
4437,245
4437,829
4443,62
4444,62
4447,62
4447,65
4447,1157
4459,111
4468,311
4472,113
4472,166
4472,460
4477,169
4477,517
4477,757
4504,16
4504,64
4532,1366
4535,213
4549,777
4549,870
4550,874
4563,367
4565,17
4591,145
4596,23
4596,143
4599,16
4599,311
4617,155
4617,280
4617,757
4618,31
4646,207
4650,64
4650,123
4654,31
4654,58
4654,238
4654,681
4654,685
4662,96
4663,242
4663,829
4705,17
4718,24
4726,1597
4737,259
4752,16
4752,17
4756,15
4756,155
4765,82
4804,61
4827,253
4879,29
4879,113
4879,1003
4884,23
4884,140
4884,1097
4884,1175
4898,17
4898,58
4898,127
4898,143
4898,166
4898,643
4917,1003
4918,159
4923,442
4927,166
4929,23
4929,89
4929,164
4935,55
4938,159
4940,5
4940,111
4940,161
4966,200
4981,777
4981,1615
4985,17
5005,464
5019,577
5020,104
5020,256
5030,61
5030,79
5030,108
5030,238
5030,313
5032,787
5034,58
5034,92
5040,29
5040,1003
5043,48
5045,31
5053,242
5060,61
5060,315
5071,16
5071,62
5075,1366
5081,17
5081,159
5090,199
5091,452
5096,55
5104,450
5112,213
5114,17
5114,58
5114,143
5114,1155
5118,113
5132,145
5132,159
5141,104
5141,145
5141,166
5143,169
5143,242
5147,1329
5150,1365
5151,230
5155,53
5155,169
5155,517
5155,757
5158,84
5177,1365
5197,139
5200,140
5201,16
5201,127
5201,198
5204,703
5226,29
5237,24
5250,65
5250,921
5256,505
5256,829
5258,29
5258,159
5258,1003
5260,261
5267,1003
5273,36
5273,127
5276,86
5277,17
5279,17
5290,352
5299,1328
5300,17
5300,139
5304,158
5311,452
5341,75
5341,464
5343,33
5355,53
5355,109
5355,143
5355,166
5355,464
5369,325
5374,111
5374,466
5420,111
5440,494
5440,1366
5460,62
5460,73
5477,16
5492,289
5496,343
5504,104
5504,127
5504,144
5504,306
5504,621
5504,1015
5507,17
5507,167
5507,765
5520,150
5525,1582
5530,58
5530,145
5530,464
5593,1175
5593,1365
5602,230
5620,921
5658,921
5662,1250
5667,1365
5670,797
5670,829
5671,16
5671,58
5671,64
5671,104
5671,144
5671,460
5671,717
5671,727
5671,1597
5675,143
5681,29
5681,76
5681,113
5681,1003
5682,79
5691,169
5712,16
5712,358
5725,142
5725,167
5725,1366
5734,108
5734,711
5751,10
5751,139
5772,82
5781,29
5785,282
5799,291
5809,64
5809,261
5834,65
5834,76
5848,150
5862,200
5877,144
5877,169
5878,200
5880,1045
5904,1365
5909,779
5934,144
5938,150
5941,16
5941,62
5943,1003
5945,111
5953,1003
5956,126
5956,390
5973,52
5973,79
5973,1213
5978,17
5983,17
5990,382
5994,386
5998,53
5998,144
5998,169
5998,245
6008,100
6008,150
6016,155
6030,52
6030,104
6031,1532
6046,23
6050,299
6055,99
6055,169
6061,23
6062,474
6064,31
6064,61
6064,64
6064,166
6067,245
6069,29
6069,55
6071,86
6076,155
6076,1365
6078,382
6087,11
6087,169
6087,200
6093,769
6098,15
6098,82
6098,104
6098,144
6098,238
6098,711
6112,82
6116,139
6117,16
6117,62
6117,913
6149,611
6152,58
6166,48
6166,104
6166,108
6166,144
6166,211
6166,238
6166,460
6166,913
6178,119
6178,829
6184,24
6184,230
6198,65
6201,399
6203,213
6203,464
6205,145
6205,1581
6209,199
6213,31
6213,166
6213,238
6213,681
6217,55
6217,142
6230,382
6275,505
6276,917
6281,291
6288,23
6288,64
6288,143
6291,113
6297,155
6303,65
6303,435
6305,302
6312,145
6318,48
6324,113
6324,352
6324,460
6324,689
6325,245
6336,23
6336,113
6347,104
6347,108
6347,619
6347,1015
6351,929
6372,15
6372,169
6372,517
6372,757
6380,17
6381,689
6383,452
6392,304
6408,104
6408,144
6408,392
6408,685
6408,1015
6413,1365
6452,281
6460,55
6467,62
6467,73
6484,1365
6500,345
6512,144
6512,145
6512,166
6512,874
6513,52
6525,291
6535,377
6547,17
6547,53
6547,143
6547,146
6547,166
6547,203
6547,681
6553,113
6557,113
6560,158
6560,323
6567,1175
6568,86
6568,313
6573,17
6573,58
6573,143
6573,166
6573,765
6574,92
6574,313
6574,717
6582,464
6586,76
6586,315
6586,1365
6594,17
6594,104
6594,159
6594,166
6594,169
6604,352
6604,1412
6604,1455
6624,17
6624,159
6634,53
6634,109
6634,143
6634,144
6634,166
6634,464
6636,55
6636,281
6645,721
6671,307
6676,16
6676,92
6676,729
6680,352
6682,82
6682,144
6682,699
6693,795
6707,17
6707,58
6707,143
6712,717
6712,721
6727,281
6728,55
6746,17
6746,58
6746,143
6746,166
6746,681
6746,765
6747,79
6747,108
6747,211
6747,238
6747,464
6773,31
6773,415
6773,681
6773,777
6774,53
6774,169
6774,517
6774,757
6774,1619
6783,160
6795,1584
6796,62
6796,230
6797,53
6797,1055
6798,230
6802,16
6802,17
6811,17
6811,236
6811,1430
6822,111
6864,159
6877,503
6880,113
6880,352
6880,460
6880,779
6885,126
6896,58
6896,464
6899,577
6922,31
6922,61
6922,145
6922,460
6922,703
6922,1490
6927,517
6930,55
6932,472
6935,1055
6947,667
6950,377
6953,377
6979,711
6980,55
6984,104
7022,377
7024,377
7026,377
7031,377
7054,31
7054,145
7054,148
7054,213
7060,249
7081,16
7081,53
7109,86
7112,525
7144,245
7152,34
7152,64
7152,92
7152,135
7152,238
7152,336
7152,1802
7157,1479
7176,399
7192,1061
7193,166
7193,787
7193,1581
7261,53
7270,64
7270,142
7270,143
7311,113
7311,929
7330,62
7334,167
7337,61
7395,307
7395,411
7396,104
7423,350
7448,111
7450,1055
7451,1055
7472,16
7472,17
7472,53
7472,230
7472,415
7472,1365
7474,23
7475,246
7505,111
7510,1298
7518,111
7518,1133
7528,1242
7532,1250
7540,1373
7547,1133
7561,352
7568,61
7579,50
7591,61
7592,76
7592,127
7592,144
7592,245
7592,1365
7592,1416
7592,1488
7593,92
7596,621
7616,366
7617,350
7625,165
7625,391
7626,577
7627,17
7627,104
7627,619
7627,719
7627,1373
7647,58
7647,92
7647,211
7655,111
7661,111
7662,111
7662,161
7662,359
7674,111
7674,1365
7681,280
7696,1147
7697,1147
7698,1147
7713,198
7720,17
7720,143
7720,145
7720,159
7720,166
7720,211
7728,204
7729,68
7740,79
7740,108
7740,547
7745,62
7750,42
7750,134
7750,158
7750,204
7751,398
7752,471
7761,23
7761,76
7761,158
7761,1365
7769,79
7769,82
7769,108
7769,238
7769,306
7769,464
7774,82
7779,68
7779,169
7785,53
7785,113
7785,169
7785,245
7785,517
7785,577
7785,757
7785,769
7791,144
7791,145
7791,166
7791,211
7791,929
7817,53
7817,238
7817,315
7817,787
7817,789
7817,1365
7817,1580
7817,1581
7818,113
7861,65
7862,327
7877,207
7900,368
7902,1155
7955,126
7967,111
7982,324
8057,753
8057,755
8086,104
8086,108
8086,685
8086,1664
8100,17
8100,92
8101,92
8108,62
8115,17
8120,939
8123,1415
8129,169
8129,517
8129,757
8129,765
8129,769
8133,1415
8141,795
8141,1603
8142,17
8142,757
8179,315
8191,324
8192,324
8197,17
8206,16
8206,62
8206,213
8217,16
8217,64
8217,150
8217,829
8220,111
8234,65
8240,577
8243,62
8246,245
8277,79
8277,104
8277,108
8277,166
8277,547
8277,777
8277,1636
8278,240
8285,390
8311,16
8353,273
8358,55
8358,142
8359,55
8361,55
8361,142
8364,55
8366,55
8367,55
8367,1377
8369,55
8372,65
8407,113
8407,352
8407,460
8407,689
8408,17
8424,104
8424,108
8424,238
8425,16
8425,113
8425,460
8425,647
8425,689
8426,17
8426,48
8426,53
8426,169
8426,306
8426,392
8426,769
8457,383
8457,559
8465,82
8465,547
8475,10
8475,23
8475,64
8475,1346
8475,1358
8476,17
8478,111
8479,61
8481,104
8481,144
8481,392
8481,685
8481,1015
8487,757
8487,1175
8514,460
8514,874
8514,1358
8516,104
8516,108
8516,392
8516,619
8516,685
8516,717
8516,753
8516,1015
8516,1488
8522,386
8536,689
8536,779
8542,65
8599,48
8624,55
8635,82
8646,111
8659,111
8661,111
8671,111
8676,144
8676,145
8676,166
8679,111
8681,111
8682,1045
8685,236
8687,55
8689,350
8697,111
8701,1045
8706,104
8706,271
8710,104
8710,271
8716,111
8717,111
8718,111
8722,111
8726,144
8726,145
8726,166
8726,207
8726,299
8726,464
8726,647
8729,111
8733,111
8751,111
8763,1415
8767,48
8767,204
8768,1365
8769,17
8769,166
8769,681
8769,755
8772,111
8777,315
8795,113
8795,213
8795,238
8795,352
8795,460
8795,464
8795,685
8841,113
8841,238
8841,352
8841,460
8841,464
8842,1003
8848,1003
8857,929
8861,92
8861,719
8861,721
8861,753
8876,144
8879,169
8896,111
8899,385
8934,17
8934,53
8934,58
8934,143
8934,1233
8956,16
8956,122
8968,1045
9002,23
9002,104
9028,16
9028,675
9032,1607
9041,104
9041,108
9041,145
9041,737
9041,765
9062,17
9062,203
9088,521
9119,111
9120,1365
9130,1373
9135,17
9135,53
9135,58
9135,109
9135,143
9135,145
9136,58
9163,65
9164,65
9165,65
9167,48
9170,24
9170,182
9181,31
9181,145
9181,306
9181,753
9200,367
9205,254
9213,419
9241,64
9243,86
9243,169
9244,86
9244,169
9253,61
9253,108
9253,166
9253,238
9253,352
9253,459
9254,131
9260,17
9260,159
9289,23
9289,64
9289,76
9289,104
9289,144
9289,777
9289,1386
9332,23
9332,464
9332,777
9332,789
9333,777
9342,426
9346,1366
9348,611
9356,144
9367,108
9379,92
9379,145
9395,30
9396,104
9441,1365
9471,104
9471,108
9471,392
9471,619
9471,685
9471,1015
9471,1488
9495,207
9502,111
9509,220
9510,104
9510,619
9510,719
9515,777
9518,285
9519,429
9523,17
9531,200
9544,15
9544,240
9563,17
9563,104
9563,145
9563,166
9563,797
9587,92
9598,621
9617,144
9617,929
9618,48
9618,104
9618,108
9618,144
9618,238
9618,460
9662,440
9690,685
9691,7
9691,155
9724,460
9734,144
9734,929
9736,113
9736,144
9736,315
9736,460
9736,681
9744,304
9745,53
9745,109
9745,143
9745,144
9745,166
9745,240
9745,464
9750,61
9750,113
9750,238
9750,352
9750,460
9751,689
9751,1516
9756,17
9756,143
9756,166
9756,459
9756,797
9760,108
9760,166
9760,795
9760,1011
9760,1363
9768,16
9768,1191
9770,150
9781,55
9799,55
9799,142
9807,111
9818,445
9819,445
9820,445
9824,141
9824,577
9829,86
9829,141
9834,17
9834,717
9834,757
9834,765
9863,16
9863,52
9863,53
9865,61
9868,222
9869,448
9874,449
9878,245
9878,327
9881,450
9884,143
9906,142
9907,104
9919,17
9919,53
9919,143
9919,166
9919,765
9919,1365
9922,104
9922,711
9922,751
9922,829
9925,144
9931,207
9934,64
9934,238
9934,751
9934,1373
9938,108
9938,238
9938,464
9938,737
9938,775
9938,1261
9938,1802
9940,104
9940,306
9951,471
9959,68
9967,78
9969,16
9969,17
9969,53
9969,643
9969,763
9969,829
9969,1365
9973,1322
9976,1063
9976,1643
9979,1415
9981,111
9989,17
9989,53
9989,169
9989,769
10012,703
10013,318
10030,111
10030,1365
10049,76
10049,127
10049,144
10049,245
10049,1365
10049,1416
10067,17
10067,203
10077,1147
10079,53
10079,64
10079,82
10079,144
10079,699
10079,753
10079,755
10087,17
10087,459
10087,701
10087,703
10105,288
10105,404
10105,513
10110,92
10110,108
10110,145
10110,315
10110,753
10110,1581
10116,1377
10137,145
10137,315
10153,1261
10161,17
10161,53
10161,159
10161,169
10162,169
10162,577
10162,757
10162,765
10162,769
10163,169
10163,755
10163,757
10163,769
10178,111
10178,229
10178,318
10247,242
10259,1465
10259,1776
10270,145
10271,29
10271,1003
10276,463
10278,17
10278,145
10278,323
10278,1233
10294,23
10294,104
10294,166
10294,777
10294,1488
10294,1516
10321,92
10321,166
10321,715
10321,777
10347,474
10349,145
10359,16
10359,64
10359,150
10359,829
10360,23
10372,16
10372,62
10372,108
10372,213
10372,238
10372,464
10372,737
10378,16
10378,104
10378,144
10378,717
10378,829
10379,17
10379,765
10389,23
10389,28
10389,113
10389,134
10389,143
10389,145
10389,146
10389,190
10389,352
10389,795
10389,1312
10389,1501
10389,1603
10396,144
10396,238
10396,306
10396,1579
10408,17
10417,17
10444,55
10460,16
10460,17
10460,58
10460,139
10460,166
10466,207
10479,1013
10481,469
10481,757
10495,16
10495,39
10495,64
10495,144
10495,315
10495,497
10495,753
10495,755
10497,61
10507,16
10507,53
10507,213
10507,717
10507,829
10509,306
10520,31
10525,131
10527,474
10528,62
10528,1415
10531,62
10531,65
10531,245
10534,55
10534,142
10545,213
10545,1470
10554,829
10568,104
10568,238
10568,415
10568,460
10568,681
10573,139
10573,463
10588,17
10588,143
10588,681
10588,870
10589,16
10589,17
10589,53
10589,1365
10604,464
10624,17
10624,92
10628,299
10639,545
10674,1055
10681,17
10681,53
10681,109
10681,113
10681,143
10681,715
10689,444
10690,16
10690,53
10690,100
10690,108
10690,470
10690,795
10702,486
10702,1097
10709,16
10711,1261
10713,23
10713,104
10713,166
10713,777
10713,1488
10713,1516
10714,23
10714,104
10714,166
10714,777
10714,1488
10714,1516
10715,23
10715,104
10715,166
10715,777
10715,1488
10715,1516
10716,23
10716,104
10716,166
10716,777
10716,1488
10716,1516
10719,108
10719,145
10719,775
10719,1261
10721,92
10721,143
10731,139
10735,23
10790,113
10790,238
10790,352
10790,460
10790,464
10793,17
10793,53
10793,166
10793,169
10793,769
10798,53
10798,169
10798,245
10798,757
10798,769
10800,29
10800,1003
10804,1802
10805,31
10805,62
10805,474
10813,489
10842,1155
10847,799
10862,139
10863,61
10884,16
10884,58
10884,64
10884,104
10884,144
10897,775
10897,1261
10918,60
10918,419
10935,17
10935,48
10935,53
10935,169
10935,306
10935,392
10935,769
10936,1373
10989,249
10999,829
10999,1607
11013,17
11013,58
11013,143
11013,166
11021,16
11021,52
11021,238
11021,306
11021,1577
11033,104
11053,65
11061,29
11061,1003
11061,1365
11123,104
11123,113
11123,238
11123,460
11179,92
11179,460
11179,709
11179,719
11179,1365
11203,1065
11209,48
11237,17
11237,104
11237,145
11237,166
11237,797
11239,17
11239,104
11239,145
11239,166
11239,797
11239,1254
11241,108
11241,543
11245,29
11245,390
11266,17
11307,169
11319,619
11319,777
11371,16
11371,23
11371,139
11371,717
11371,751
11371,1365
11389,474
11433,31
11433,79
11433,238
11433,775
11433,777
11441,17
11457,62
11457,213
11497,16
11499,104
11499,144
11499,145
11499,159
11499,693
11521,150
11525,16
11525,167
11525,193
11545,145
11577,61
11577,108
11577,166
11577,238
11577,352
11577,963
11579,1055
11597,17
11597,159
11597,211
11633,113
11633,460
11633,464
11665,16
11665,17
11665,139
11665,148
11665,757
11681,527
11697,55
11699,331
11699,332
11699,799
11711,533
11717,146
11729,1045
11737,17
11737,1365
11741,17
11741,459
11741,701
11741,703
11743,31
11743,58
11743,238
11743,415
11743,681
11751,17
11751,647
11751,715
11751,775
11751,1261
11751,1344
11751,1679
11755,1003
11755,1561
11759,79
11759,211
11759,415
11759,464
11759,681
11761,16
11761,104
11761,108
11761,649
11763,166
11763,925
11767,48
11769,104
11769,609
11771,23
11771,104
11771,139
11771,143
11771,1121
11771,1365
11771,1416
11843,16
11843,58
11843,643
11843,787
11857,65
11889,17
11919,452
11933,144
11933,238
11933,460
11933,621
11977,17
11977,143
11977,166
11977,459
11977,797
11979,17
11979,143
11979,166
11979,459
11979,797
11981,17
11981,143
11981,166
11981,459
11981,797
12015,577
12021,315
12021,615
12021,637
12031,111
12049,16
12049,53
12053,17
12053,92
12067,149
12067,169
12069,29
12119,17
12119,104
12119,143
12119,1175
12119,1682
12123,315
12123,332
12123,661
12123,663
12137,291
12149,92
12149,306
12149,721
12175,17
12175,104
12175,145
12175,306
12181,551
12185,64
12191,1323
12221,751
12259,48
12291,144
12291,145
12291,315
12291,693
12291,755
12291,797
12321,53
12321,169
12321,245
12321,757
12343,29
12355,11
12355,29
12355,53
12355,76
12355,113
12355,245
12355,1702
12365,111
12365,1365
12403,64
12403,144
12403,315
12413,31
12413,62
12431,17
12431,53
12431,236
12431,643
12445,58
12445,108
12461,23
12461,104
12461,236
12461,315
12461,392
12467,92
12467,159
12467,675
12467,1175
12471,23
12471,113
12471,143
12471,230
12471,757
12471,1097
12471,1345
12471,1488
12471,1588
12481,29
12481,55
12487,23
12487,104
12487,681
12487,1516
12549,31
12549,64
12549,104
12549,238
12549,460
12549,1664
12599,62
12623,561
12637,104
12661,561
12665,144
12665,315
12671,16
12671,62
12671,245
12671,829
12679,92
12679,143
12679,159
12679,460
12689,23
12711,777
12711,1344
12723,80
12725,67
12725,169
12729,79
12729,104
12729,238
12753,111
12769,921
12781,16
12783,323
12815,16
12815,52
12851,453
12857,17
12857,53
12857,58
12857,143
12857,1233
12859,1365
12875,111
12875,139
12883,17
12883,53
12883,169
12883,765
12885,23
12885,322
12885,921
12917,1179
12917,1472
12921,315
12921,332
12963,16
12963,64
12963,150
12993,1452
13029,23
13029,53
13029,100
13029,135
13029,238
13029,1609
13029,1610
13047,200
13055,104
13055,144
13055,145
13055,159
13055,693
13073,463
13093,346
13117,31
13117,61
13117,460
13139,866
13161,79
13161,104
13161,108
13161,238
13161,777
13163,16
13163,757
13163,773
13183,17
13183,459
13183,493
13203,577
13203,807
13203,1003
13215,23
13215,53
13215,1318
13215,1416
13215,1518
13215,1519
13215,1520
13215,1521
13215,1680
13245,139
13259,104
13259,211
13259,929
13263,17
13299,220
13335,16
13335,64
13335,135
13335,158
13335,323
13335,517
13335,1287
13335,1319
13335,1619
13335,1620
13335,1621
13349,16
13349,17
13349,139
13349,315
13357,79
13357,104
13365,307
13367,104
13367,145
13367,315
13391,18
13391,1346
13411,459
13429,517
13479,398
13497,242
13585,169
13585,245
13585,757
13599,17
13599,169
13599,459
13599,757
13599,769
13599,963
13601,53
13601,169
13601,459
13601,757
13601,1411
13655,415
13655,777
13663,31
13663,306
13663,1365
13667,16
13667,17
13667,53
13667,245
13667,1365
13673,117
13681,1373
13715,169
13715,326
13727,10
13727,23
13727,76
13727,464
13759,79
13759,108
13759,681
13767,113
13767,1293
13789,65
13833,785
13837,62
13837,65
13837,245
13931,55
13935,291
13935,757
13955,111
13955,382
14023,1452
14045,925
14073,779
14075,17
14075,53
14075,58
14075,143
14075,795
14077,10
14125,111
14199,104
14199,108
14199,238
14199,315
14199,619
14199,737
14211,169
14211,831
14213,145
14213,831
14227,16
14227,17
14227,139
14227,159
14267,870
14289,92
14289,159
14289,306
14289,675
14289,721
14293,17
14293,109
14293,757
14293,1233
14345,64
14345,460
14345,464
14345,777
14349,213
14349,539
14355,925
14397,29
14397,1003
14479,48
14513,17
14513,53
14513,62
14513,143
14513,166
14513,1602
14519,273
14527,16
14527,104
14527,649
14563,413
14563,1246
14575,92
14647,64
14647,775
14647,1288
14653,16
14653,31
14653,62
14669,64
14669,104
14669,144
14669,166
14669,711
14669,751
14719,127
14719,415
14719,437
14719,460
14719,1365
14749,17
14749,306
14749,621
14765,64
14765,79
14811,29
14811,315
14811,1003
14817,92
14833,79
14833,140
14889,48
14889,779
14913,1366
14941,92
14967,108
14967,145
14967,306
14967,1261
15039,17
15045,1555
15051,23
15051,104
15051,681
15051,775
15085,31
15085,61
15085,166
15085,238
15085,315
15085,777
15109,61
15109,108
15109,238
15109,777
15109,789
15111,817
15117,31
15117,1430
15125,315
15125,925
15177,351
15177,464
15197,23
15197,230
15197,1233
15197,1488
15199,23
15199,230
15199,1233
15199,1488
15227,79
15227,1528
15313,16
15313,1261
15315,113
15315,323
15315,464
15323,169
15359,1588
15377,79
15377,104
15377,547
15377,1636
15379,48
15379,146
15379,460
15379,464
15399,997
15411,61
15411,166
15411,415
15411,777
15417,16
15417,17
15417,53
15417,1365
15417,1406
15431,17
15431,104
15431,143
15437,113
15437,238
15437,352
15437,460
15437,464
15479,411
15489,16
15489,139
15525,111
15583,113
15583,238
15583,323
15583,1664
15607,843
15609,104
15609,145
15609,315
15611,16
15611,53
15611,64
15611,775
15663,150
15689,17
15689,159
15711,111
15717,16
15751,16
15751,23
15751,104
15751,271
15751,715
15751,1261
15771,17
15771,159
15771,245
15785,1607
15793,92
15793,647
15793,715
15793,775
15793,1261
15793,1679
15807,439
15807,478
15813,17
15813,92
15813,382
15847,15
15875,65
15875,76
15891,16
15893,16
15895,16
15913,55
15915,154
15915,169
15915,675
15925,55
15925,142
15925,245
15927,703
15933,1452
15977,111
15989,64
15989,104
15989,717
16005,16
16005,31
16005,62
16005,213
16007,245
16007,831
16009,92
16009,238
16009,460
16009,647
16009,719
16035,23
16035,104
16035,1582
16049,31
16049,166
16049,238
16049,415
16049,681
16123,16
16123,58
16123,104
16123,144
16143,169
16143,416
16157,61
16157,108
16157,193
16157,306
16159,145
16159,489
16259,447
16287,1365
16317,315
16317,723
16335,16
16353,17
16353,53
16353,143
16371,291
16393,127
16393,169
16395,1365
16397,145
16397,392
16397,693
16397,1581
16436,48
16436,874
16436,876
16442,1653
16486,65
16486,76
16498,10
16498,53
16498,143
16498,144
16498,159
16498,430
16498,1557
16524,23
16524,76
16524,104
16524,459
16524,775
16524,1261
16592,31
16592,101
16592,143
16592,777
16636,48
16636,460
16636,464
16646,92
16662,1585
16700,31
16700,61
16700,64
16700,1632
16706,16
16706,31
16706,1430
16726,884
16726,1487
16732,108
16732,777
16742,16
16742,108
16742,135
16742,238
16742,315
16742,737
16742,775
16742,1261
16742,1589
16774,291
16776,207
16776,886
16782,229
16782,1143
16890,16
16890,64
16894,23
16894,104
16894,139
16894,1121
16894,1365
16894,1416
16906,16
16906,62
16906,213
16910,92
16910,210
16910,213
16912,884
16912,1487
16916,23
16916,104
16928,23
16928,104
16934,104
16934,144
16934,145
16934,211
16970,122
17010,1643
17074,17
17074,159
17074,1099
17080,92
17080,143
17082,144
17082,577
17121,229
17131,1139
17141,892
17159,291
17161,291
17211,55
17263,86
17269,141
17269,1296
17269,1345
17269,1346
17273,61
17295,923
17339,450
17341,925
17357,1415
17357,1653
17379,86
17395,346
17409,92
17427,1147
17437,17
17437,145
17437,211
17437,323
17437,1121
17437,1233
17441,65
17443,65
17445,65
17447,65
17473,144
17483,150
17485,150
17485,391
17489,150
17497,16
17497,64
17497,150
17505,16
17505,53
17505,1284
17535,53
17549,16
17549,104
17549,108
17549,113
17549,238
17549,737
17615,31
17615,144
17619,281
17641,323
17659,298
17659,1365
17667,985
17675,831
17681,16
17681,1081
17681,1815
17689,86
17693,1452
17699,127
17699,141
17699,230
17699,323
17699,787
17699,1097
17699,1365
17705,16
17705,30
17705,1534
17727,913
17729,61
17729,238
17729,775
17729,1113
17731,925
17739,17
17739,104
17739,145
17739,166
17739,797
17741,16
17741,1081
17785,23
17791,104
17791,211
17811,104
17811,211
17819,104
17819,211
17819,929
17827,1440
17827,1745
17849,315
17849,615
17895,79
17895,92
17909,23
17909,76
17909,104
17909,158
17909,306
17909,1261
17947,109
17957,150
17959,200
17961,200
17963,200
17969,16
17969,1815
17977,150
17977,391
17981,150
17983,150
17985,150
17987,150
18001,108
18007,1137
18029,150
18031,150
18033,150
18041,145
18045,17
18055,23
18055,61
18055,104
18055,166
18055,315
18055,1516
18095,61
18115,17
18115,53
18115,62
18115,143
18115,166
18115,1602
18119,17
18119,213
18119,1415
18121,315
18121,925
18177,1143
18229,29
18229,315
18229,1003
18295,17
18295,53
18295,143
18295,166
18295,230
18295,1233
18411,16
18411,104
18411,135
18411,144
18411,166
18411,238
18411,460
18411,1255
18411,1365
18441,113
18443,1147
18447,937
18465,92
18475,1147
18495,29
18495,1003
18507,104
18507,941
18507,1415
18523,16
18523,23
18523,104
18523,271
18523,715
18523,1261
18533,458
18573,280
18589,150
18617,23
18617,104
18617,166
18617,777
18617,894
18617,1287
18617,1333
18617,1488
18631,50
18635,169
18669,200
18671,104
18671,145
18679,17
18679,53
18679,113
18679,143
18679,166
18679,539
18679,1123
18683,452
18689,16
18689,64
18689,144
18689,159
18689,238
18689,315
18703,123
18723,486
18729,42
18729,122
18745,29
18759,1003
18817,466
18823,150
18825,150
18827,150
18829,150
18845,55
18893,64
18893,460
18893,464
18893,539
18893,777
18893,1553
18907,123
18943,1043
19053,123
19067,775
19073,198
19111,23
19111,104
19111,775
19123,169
19125,1003
19151,104
19151,144
19193,23
19209,1249
19217,1249
19219,1249
19221,315
19221,829
19221,963
19231,1249
19251,777
19251,1344
19255,79
19255,104
19285,10
19285,143
19287,757
19291,16
19297,925
19315,925
19319,16
19319,64
19325,937
19367,17
19367,53
19367,169
19367,1411
19369,144
19369,145
19369,159
19369,166
19369,315
19383,16
19391,10
19391,858
19397,16
19429,143
19429,144
19429,315
19437,386
19445,169
19457,937
19463,68
19463,973
19497,65
19559,145
19559,207
19585,76
19585,829
19585,1754
19587,144
19587,323
19597,62
19619,16
19619,829
19627,23
19627,55
19647,29
19647,159
19647,1003
19653,23
19653,459
19653,775
19653,1109
19653,1634
19687,945
19705,150
19731,200
19759,1412
19769,108
19769,145
19769,464
19775,92
19775,143
19775,159
19775,460
19783,50
19815,61
19815,108
19815,166
19815,238
19841,48
19845,17
19845,1235
19849,291
19871,16
19871,52
19871,53
19889,92
19901,985
19907,68
19909,323
19917,65
19919,29
19919,1003
19919,1487
19919,1645
19919,1646
19943,68
19945,17
19951,29
19951,1003
19951,1365
19951,1702
19957,86
19961,169
19987,169
19993,143
20005,169
20009,831
20021,17
20023,169
20023,435
20031,16
20031,108
20031,113
20031,238
20031,315
20031,737
20031,882
20033,16
20033,92
20035,31
20039,144
20047,144
20047,145
20075,55
20079,452
20081,1754
20113,29
20143,110
20153,1063
20183,86
20187,17
20221,92
20229,1001
20231,86
20241,65
20329,460
20329,719
20359,159
20365,104
20391,17
20391,104
20453,1017
20457,315
20457,464
20473,315
20473,925
20479,61
20479,193
20541,64
20541,315
20541,1143
20541,1581
20541,1582
20543,18
20543,52
20543,144
20543,167
20543,777
20543,1287
20557,144
20581,291
20587,169
20603,169
20689,16
20689,52
20689,64
20689,166
20689,238
20689,315
20689,1039
20689,1365
20705,169
20707,757
20709,23
20709,104
20709,159
20709,1121
20709,1589
20785,17
20785,58
20785,166
20785,681
20787,31
20787,238
20787,777
20787,1113
20835,73
20847,92
20853,113
20853,464
20853,1664
20869,1045
20877,104
20903,539
20919,61
20919,193
20919,376
20919,777
20963,1043
20969,200
20971,241
20973,17
20973,53
20973,464
20973,703
20973,1175
20973,1582
21009,166
21009,925
21013,16
21021,909
21027,1173
21031,1653
21033,108
21033,238
21033,737
21033,1686
21053,833
21053,1049
21055,30
21075,61
21081,471
21099,386
21101,1009
21105,113
21121,1754
21129,471
21163,1057
21163,1754
21167,64
21167,144
21177,16
21177,64
21177,104
21177,108
21179,220
21185,111
21195,16
21195,17
21195,53
21195,108
21201,925
21215,104
21215,256
21255,65
21293,29
21293,65
21295,29
21295,65
21297,65
21325,16
21327,139
21327,144
21327,315
21327,1143
21329,17
21329,159
21329,711
21335,741
21339,53
21339,459
21339,1411
21395,1377
21405,145
21415,79
21415,166
21415,238
21437,23
21437,104
21437,687
21437,1097
21437,1121
21437,1588
21447,1013
21447,1600
21469,245
21469,249
21471,437
21473,17
21473,344
21487,65
21489,65
21511,464
21541,108
21549,452
21551,68
21551,1003
21557,53
21557,245
21557,417
21557,1003
21561,17
21561,53
21561,166
21561,169
21561,789
21561,1411
21563,61
21563,116
21563,166
21563,777
21573,92
21573,647
21573,775
21573,963
21573,1679
21587,1197
21595,16
21595,139
21639,16
21639,139
21639,751
21641,104
21641,1386
21653,1443
21659,17
21659,113
21667,108
21681,16
21681,52
21681,64
21681,166
21681,238
21681,1039
21681,1097
21717,111
21743,29
21743,1003
21755,139
21771,16
21809,79
21809,104
21809,238
21809,777
21843,1113
21843,1587
21845,92
21851,29
21851,1487
21851,1645
21851,1646
21853,104
21863,104
21863,306
21863,777
21875,47
21879,1235
21881,17
21881,79
21881,681
21881,1097
21933,65
21935,65
21937,65
21943,65
21945,65
21947,65
21951,65
21953,65
21955,65
21957,65
21959,65
21961,65
21963,65
21967,65
21969,65
21971,65
21975,65
21995,143
21995,166
21995,757
21995,1143
21995,1365
21995,1416
21995,1449
21995,1488
21995,1516
21999,16
21999,62
22013,23
22035,65
22037,65
22043,16
22043,53
22049,29
22057,315
22057,464
22071,315
22071,1143
22097,17
22097,1430
22101,29
22101,148
22101,1003
22123,315
22123,615
22135,17
22135,53
22135,169
22135,1411
22147,52
22147,145
22147,315
22147,464
22147,1213
22189,145
22189,315
22189,323
22189,1443
22189,1556
22189,1582
22199,58
22199,1143
22231,23
22273,306
22273,415
22273,777
22319,751
22319,1283
22319,1365
22325,1147
22329,1147
22381,111
22413,1091
22417,52
22427,111
22435,64
22439,150
22445,150
22457,150
22459,150
22461,150
22465,111
22477,150
22479,150
22481,150
22483,150
22489,150
22491,150
22495,150
22497,150
22507,52
22509,111
22539,291
22563,150
22569,150
22573,150
22595,53
22603,150
22605,150
22611,150
22613,150
22615,150
22617,150
22619,150
22623,150
22625,150
22627,150
22637,150
22639,150
22641,150
22645,150
22647,150
22649,150
22651,150
22653,150
22663,64
22671,291
22675,291
22677,15
22677,17
22677,1123
22677,1189
22687,415
22687,537
22687,539
22687,963
22687,1261
22687,1365
22687,1449
22693,16
22693,64
22693,135
22693,150
22693,1406
22729,17
22729,166
22729,459
22729,797
22729,963
22729,1211
22729,1415
22729,1416
22789,29
22789,1003
22791,366
22817,76
22839,229
22849,29
22849,513
22849,1003
22865,79
22865,777
22999,1003
23013,169
23015,169
23029,167
23079,64
23079,104
23079,144
23079,777
23079,1386
23083,1653
23115,1039
23121,29
23121,76
23135,16
23199,17
23199,58
23199,143
23199,166
23199,681
23201,29
23201,1003
23225,144
23227,315
23227,1143
23227,1582
23233,113
23233,238
23233,323
23233,352
23233,460
23233,1213
23259,64
23259,143
23259,577
23265,1250
23269,79
23269,464
23269,777
23273,17
23273,53
23273,159
23273,169
23273,1411
23277,17
23277,53
23277,169
23277,213
23277,619
23277,769
23277,1261
23277,1411
23277,1412
23277,1664
23281,10
23281,53
23281,169
23281,459
23281,757
23281,1143
23281,1411
23283,17
23283,53
23283,169
23283,577
23283,1411
23299,16
23301,16
23311,577
23317,1576
23319,23
23325,415
23325,460
23325,775
23325,777
23327,23
23327,464
23327,1233
23351,450
23353,141
23363,17
23393,452
23405,31
23405,1211
23421,16
23421,64
23421,238
23421,315
23421,951
23421,1039
23421,1284
23421,1287
23421,1365
23421,1390
23423,148
23425,23
23427,332
23427,605
23433,615
23447,31
23487,104
23515,1147
23539,150
23555,64
23583,843
23597,50
23605,166
23605,460
23605,539
23605,1254
23605,1261
23605,1332
23605,1344
23605,1358
23605,1655
23613,30
23623,16
23623,104
23627,464
23639,1250
23673,29
23673,76
23673,1003
23679,615
23703,29
23707,1147
23711,1147
23723,452
23755,17
23755,53
23755,143
23755,159
23755,166
23775,10
23775,53
23775,143
23775,144
23775,159
23777,10
23777,53
23777,143
23777,144
23777,159
23799,111
23847,145
23847,751
23847,1113
23849,16
23911,1003
23917,1155
23931,48
23933,169
23935,169
23945,144
23945,159
23945,238
23945,315
23945,775
24037,306
24037,415
24037,777
24075,17
24075,127
24075,143
24075,166
24075,167
24093,159
24135,144
24139,155
24181,1155
24197,1155
24199,561
24199,1155
24201,1155
24231,113
24231,464
24231,1664
24257,126
24275,111
24277,1143
24365,108
24405,55
24437,291
24457,463
24475,104
24501,1229
24531,62
24543,17
24543,344
24625,16
24625,64
24627,159
24663,55
24675,775
24683,65
24687,17
24687,159
24687,711
24699,29
24699,48
24701,17
24701,159
24701,711
24703,79
24703,104
24703,238
24703,1664
24765,459
24765,1113
24783,111
24785,111
24819,318
24833,53
24833,101
24833,169
24833,315
24833,843
24833,1284
24833,1365
24843,111
24877,198
24901,111
24905,111
24919,64
24919,315
24985,62
24991,108
24999,111
25013,29
25013,148
25013,238
25013,711
25013,751
25013,1211
25013,1225
25013,1334
25013,1637
25015,109
25049,79
25051,127
25053,16
25057,169
25059,111
25059,234
25065,386
25071,23
25073,23
25081,23
25083,23
25085,23
25091,1057
25157,16
25157,64
25157,107
25157,113
25157,238
25157,719
25157,1284
25157,1287
25157,1334
25157,1576
25159,16
25159,64
25159,213
25159,539
25159,1039
25159,1284
25173,471
25183,23
25183,61
25183,104
25183,315
25183,1211
25241,314
25241,1143
25253,291
25257,17
25259,17
25301,68
25397,213
25397,238
25397,699
25397,777
25429,113
25429,238
25429,315
25429,460
25429,963
25431,64
25431,167
25441,615
25461,1249
25473,23
25473,123
25495,1343
25517,17
25517,76
25517,315
25519,53
25519,143
25519,144
25519,166
25519,460
25533,1343
25537,17
25537,703
25635,23
25635,464
25647,104
25687,230
25687,1041
25729,109
25729,464
25731,92
25731,687
25731,1588
25777,10
25777,53
25777,143
25777,144
25777,159
25777,1499
25777,1557
25801,92
25801,159
25835,64
25835,166
25835,415
25835,460
25835,777
25835,1386
25859,145
25859,1581
25861,315
25861,615
25907,144
25907,315
25939,17
25939,92
26043,150
26165,61
26165,108
26165,143
26165,166
26165,282
26183,108
26243,211
26243,1113
26243,1365
26257,198
26259,198
26265,198
26269,198
26271,198
26273,198
26277,198
26295,198
26297,198
26299,198
26301,198
26303,198
26305,198
26309,198
26319,198
26331,198
26335,198
26337,198
26349,315
26349,615
26441,23
26441,104
26441,159
26441,1605
26449,1143
27393,280
27405,144
27441,109
27441,144
27441,150
27441,1211
27441,1253
27441,1334
27441,1345
27441,1590
27509,681
27519,1211
27561,30
27561,145
27561,1585
27579,207
27619,1013
27631,23
27631,104
27631,1510
27633,108
27653,55
27655,17
27655,166
27655,459
27655,797
27655,963
27655,1211
27655,1415
27655,1416
27663,111
27677,24
27693,1003
27693,1754
27709,58
27775,17
27775,166
27775,238
27775,681
27775,775
27775,963
27775,1415
27775,1416
27787,17
27787,1365
27821,17
27821,703
27831,17
27833,17
27899,751
27899,1365
27927,1254
27927,1255
27927,1256
27943,16
27967,79
27969,144
27969,1003
27969,1430
27989,104
27989,144
27989,211
27991,92
27991,143
27991,210
27991,1255
28025,17
28063,17
28063,1235
28087,144
28089,55
28101,55
28111,68
28121,79
28121,166
28121,415
28121,460
28121,621
28121,777
28121,963
28121,1590
28149,715
28171,53
28171,61
28171,143
28171,306
28171,415
28171,460
28171,777
28171,1365
28171,1605
28211,17
28211,53
28211,169
28211,245
28211,757
28211,769
28211,1411
28211,1412
28211,1584
28221,144
28221,1622
28223,29
28223,315
28223,1003
28241,1177
28249,53
28249,143
28249,159
28249,306
28249,539
28249,894
28249,1113
28257,1711
28293,1043
28347,104
28355,111
28381,474
28385,48
28489,373
28489,1017
28489,1365
28497,144
28531,29
28531,48
28537,577
28591,1249
28595,1233
28607,61
28617,17
28617,53
28617,169
28617,963
28617,1411
28617,1412
28619,17
28619,53
28619,169
28619,769
28619,797
28621,17
28621,53
28621,169
28621,1411
28621,1412
28673,1431
28677,53
28677,61
28677,159
28677,211
28677,539
28677,647
28677,1215
28677,1309
28677,1313
28677,1449
28677,1635
28701,17
28701,703
28715,1011
28717,230
28723,16
28755,245
28755,1365
28771,16
28771,139
28771,1365
28771,1470
28817,108
28817,166
28817,238
28817,777
28819,315
28819,615
28819,1599
28825,238
28825,1143
28825,1261
28825,1365
28825,1416
28825,1517
28825,1581
28833,23
28833,64
28833,167
28833,464
28833,735
28833,777
28833,1294
28833,1333
28833,1345
28833,1568
28851,109
28851,144
28851,159
28851,1500
28851,1574
28869,142
28883,464
28883,1714
28891,1143
28891,1365
28897,111
28913,17
28913,104
28927,1113
28927,1365
28957,17
28957,159
28957,711
28965,86
28979,145
28979,306
28979,415
28979,1113
28979,1365
28981,315
28999,17
28999,143
28999,166
28999,203
28999,681
28999,1211
28999,1416
29053,111
29067,315
29067,615
29087,1349
29087,1774
29089,1349
29089,1806
29093,61
29093,1113
29095,61
29095,238
29095,775
29095,1113
29095,1331
29107,111
29129,29
29151,200
29163,1241
29181,111
29223,17
29247,391
29249,150
29267,150
29269,150
29271,150
29273,150
29311,1055
29317,17
29325,1143
29355,111
29367,111
29371,111
29377,111
29399,111
29429,111
29431,111
29433,111
29453,169
29457,111
29471,111
29475,111
29481,111
29493,111
29495,111
29499,111
29501,111
29511,315
29511,1598
29527,145
29529,145
29535,150
29537,150
29539,150
29541,150
29547,150
29681,435
29687,62
29731,291
29739,1013
29740,145
29740,398
29746,16
29746,398
29752,291
29758,16
29758,64
29758,238
29758,306
29758,460
29758,1039
29758,1284
29758,1469
29766,1249
29768,1249
29785,16
29785,64
29785,315
29786,61
29786,62
29786,79
29786,92
29786,238
29786,460
29829,109
29829,464
29831,109
29831,464
29844,1003
29851,1003
29854,64
29854,777
29854,1493
29854,1632
29855,963
29856,111
29868,1653
29888,111
29917,53
29922,53
29925,198
29927,1091
29970,111
29995,1249
30013,1481
30014,104
30014,1481
30015,17
30015,213
30015,1481
30015,1488
30015,1496
30015,1497
30016,139
30016,315
30016,737
30016,1481
30016,1493
30016,1555
30019,1250
30039,53
30039,775
30045,1250
30064,150
30066,123
30066,169
30066,204
30075,111
30079,145
30085,111
30091,64
30091,1143
30093,1252
30094,1252
30107,315
30107,829
30119,111
30120,111
30123,148
30123,415
30123,460
30123,777
30156,1350
30160,169
30161,111
30163,111
30165,111
30166,1349
30167,111
30168,92
30187,104
30187,315
30198,315
30199,111
30200,111
30201,111
30205,145
30205,315
30205,665
30205,737
30205,1344
30205,1589
30209,111
30217,200
30218,213
30230,16
30230,64
30276,16
30276,23
30276,104
30276,142
30276,1121
30276,1261
30276,1365
30276,1501
30279,64
30279,144
30296,464
30300,79
30305,169
30307,79
30307,101
30307,1143
30309,464
30309,1263
30312,315
30344,17
30344,213
30344,323
30344,1097
30344,1510
30346,17
30346,213
30347,17
30370,148
30370,1225
30376,144
30383,17
30383,143
30397,111
30411,64
30413,16
30413,135
30413,1143
30413,1373
30415,109
30415,1415
30415,1605
30419,16
30419,103
30419,238
30419,245
30419,539
30419,1039
30419,1261
30419,1284
30419,1309
30419,1310
30445,52
30447,1147
30468,150
30484,61
30484,108
30484,113
30484,166
30489,315
30503,53
30503,109
30503,159
30503,1041
30503,1284
30503,1635
30524,324
30544,17
30544,140
30544,166
30544,315
30544,464
30544,1233
30544,1415
30547,449
30573,23
30582,86
30585,169
30585,245
30585,1747
30600,315
30600,615
30679,79
30679,144
30694,127
30694,169
30705,925
30705,1271
30727,17
30727,53
30727,169
30727,619
30727,1261
30727,1412
30727,1664
30740,145
30740,1254
30740,1285
30743,17
30743,211
30745,170
30746,315
30746,615
30766,437
30781,1273
30790,1143
30806,64
30806,315
30806,539
30806,1284
30825,17
30831,213
30831,323
30831,460
30831,737
30831,882
30831,1185
30831,1551
30859,1277
30862,1643
30868,1143
30870,1143
30893,513
30901,460
30901,882
30901,1329
30901,1330
30901,1344
30911,23
30911,104
30911,1233
30911,1510
30915,1143
30919,23
30919,104
30919,1261
30952,109
30952,159
30952,539
30952,1284
30988,315
31033,111
31034,30
31034,111
31050,104
31050,213
31052,245
31055,1284
31055,1287
31056,104
31056,315
31068,474
31073,150
31080,64
31080,238
31080,460
31080,517
31080,797
31080,843
31080,1039
31080,1254
31080,1284
31080,1554
31080,1590
31098,64
31098,777
31098,1493
31098,1632
31139,315
31147,23
31147,104
31147,1211
31147,1449
31147,1488
31147,1499
31147,1510
31149,17
31149,344
31163,23
31163,58
31163,104
31163,1211
31163,1261
31163,1287
31163,1605
31166,29
31166,513
31173,148
31173,415
31173,460
31173,777
31178,116
31178,166
31178,963
31178,1333
31178,1344
31181,17
31196,16
31196,53
31196,64
31196,775
31227,76
31233,1354
31233,1831
31245,17
31245,53
31245,113
31245,166
31245,169
31245,1305
31245,1496
31245,1682
31251,64
31251,142
31251,143
31280,415
31280,460
31280,777
31280,1333
31289,169
31310,1643
31317,443
31324,61
31326,79
31326,104
31327,306
31339,346
31339,1113
31339,1553
31361,1481
31362,169
31373,53
31373,159
31373,230
31373,236
31373,245
31376,29
31376,159
31376,306
31376,1003
31376,1417
31376,1418
31387,213
31404,64
31404,238
31404,271
31404,315
31404,681
31404,1113
31404,1331
31404,1337
31404,1631
31410,1217
31414,236
31414,905
31414,1215
31414,1365
31417,144
31436,111
31440,315
31440,925
31442,104
31442,144
31442,1415
31452,61
31452,64
31452,238
31452,1109
31452,1113
31452,1211
31452,1331
31452,1332
31452,1333
31452,1334
31452,1335
31452,1336
31452,1337
31452,1685
31456,61
31456,104
31456,238
31456,315
31456,517
31456,737
31456,1333
31456,1336
31456,1696
31478,104
31478,166
31478,460
31478,687
31478,1255
31478,1309
31478,1516
31493,58
31499,1349
31500,17
31500,213
31500,517
31500,894
31500,1416
31500,1554
31500,1788
31517,1005
31519,925
31519,1289
31559,108
31564,238
31564,315
31564,797
31564,1143
31564,1581
31568,757
31580,143
31580,159
31580,460
31580,737
31580,1143
31580,1344
31588,94
31588,143
31588,159
31588,517
31588,757
31631,53
31631,169
31631,240
31631,1556
31633,53
31633,1211
31633,1308
31633,1311
31633,1312
31633,1313
31637,79
31637,415
31637,460
31637,777
31637,1097
31642,1291
31644,1291
31645,17
31645,344
31646,17
31646,53
31646,111
31646,148
31646,517
31646,1390
31658,23
31665,104
31665,144
31665,211
31667,29
31667,1229
31668,925
31670,136
31670,142
31670,158
31670,213
31670,1211
31680,113
31680,315
31680,323
31699,1003
31706,104
31706,113
31706,238
31706,315
31706,460
31706,1211
31706,1551
31706,1630
31711,306
31716,17
31716,143
31716,166
31716,203
31716,306
31716,681
31716,775
31716,1211
31716,1416
31716,1496
31722,17
31722,53
31722,159
31722,166
31733,92
31733,159
31737,17
31737,140
31737,166
31737,464
31737,1233
31737,1415
31746,1063
31747,111
31747,1294
31749,211
31749,381
31754,145
31757,17
31757,159
31758,17
31758,159
31759,1055
31761,1055
31762,1284
31771,10
31771,61
31771,109
31771,238
31771,464
31771,1211
31771,1452
31780,104
31780,306
31783,16
31783,62
31783,1143
31783,1373
31790,64
31790,306
31790,464
31790,1358
31798,17
31798,166
31798,539
31798,1345
31798,1415
31798,1416
31804,238
31804,737
31821,143
31821,306
31821,539
31821,894
31821,1113
31830,1718
31845,113
31845,238
31845,315
31845,411
31845,460
31845,464
31845,1551
31845,1604
31845,1627
31845,1628
31848,315
31848,615
31859,1143
31880,52
31884,1500
31892,1301
31893,1301
31904,104
31904,211
31904,460
31908,561
31911,503
31925,757
31927,1483
31930,104
31930,211
31930,460
31930,1605
31933,415
31933,460
31933,1337
31933,1365
31952,145
31952,315
31952,681
31952,1344
31964,53
31964,143
31964,166
31964,1143
31964,1365
31978,55
31978,142
31988,104
31988,144
31988,211
31989,104
31989,109
31994,16
32014,1043
32026,1284
32051,169
32071,53
32071,245
32071,1309
32071,1344
32071,1358
32071,1411
32071,1517
32073,111
32074,111
32086,92
32086,159
32086,460
32086,1255
32092,224
32094,1325
32094,1349
32105,16
32105,139
32105,717
32105,1284
32105,1365
32108,230
32108,1041
32122,16
32122,53
32136,411
32151,92
32160,1653
32166,111
32167,111
32175,113
32175,145
32175,315
32175,323
32175,737
32175,1496
32175,1589
32182,415
32182,460
32182,843
32182,1333
32182,1430
32188,61
32188,108
32188,166
32188,238
32188,352
32188,459
32191,159
32214,104
32214,211
32214,238
32214,460
32215,79
32215,104
32219,1576
32224,198
32227,198
32228,315
32228,925
32230,1301
32248,1538
32262,16
32262,213
32262,1039
32262,1284
32268,17
32268,159
32271,79
32271,1671
32271,1743
32271,1744
32271,1745
32271,1784
32275,1481
32276,1481
32281,113
32281,245
32281,1294
32281,1309
32281,1313
32281,1501
32313,23
32313,104
32313,1211
32313,1449
32313,1488
32313,1510
32323,1349
32324,62
32349,150
32366,16
32366,53
32379,33
32379,143
32379,148
32379,539
32379,839
32379,1113
32379,1123
32379,1334
32379,1498
32382,1039
32382,1284
32402,1211
32407,145
32407,159
32407,1113
32407,1589
32407,1602
32420,111
32421,111
32437,169
32447,306
32473,111
32475,111
32476,23
32483,23
32483,104
32483,139
32483,1211
32483,1365
32483,1516
32491,104
32491,291
32511,104
32511,166
32511,777
32521,230
32526,23
32526,104
32526,306
32526,681
32526,775
32542,113
32542,145
32542,315
32542,1215
32542,1344
32551,230
32551,1041
32555,113
32555,238
32555,464
32555,797
32555,1333
32574,1143
32593,1428
32595,16
32595,79
32595,144
32595,577
32595,1407
32595,1815
32596,1143
32596,1428
32603,315
32603,615
32603,1599
32606,1285
32606,1392
32606,1634
32621,150
32622,150
32629,1003
32648,58
32648,104
32648,145
32648,315
32648,647
32648,1283
32648,1334
32648,1589
32664,73
32664,315
32673,29
32673,1003
32673,1418
32673,1548
32673,1549
32673,1550
32681,213
32681,238
32681,464
32681,539
32681,1261
32681,1414
32684,23
32684,104
32684,166
32686,64
32686,104
32686,415
32686,460
32686,1337
32686,1430
32686,1589
32686,1631
32699,245
32699,507
32716,1404
32716,1405
32729,73
32729,315
32729,1143
32729,1496
32729,1500
32735,757
32736,1003
32737,1003
32752,1343
32757,1343
32759,1343
32761,1343
32762,1343
32763,1343
32764,1343
32765,1343
32772,1506
32773,111
32777,1343
32781,1343
32784,1343
32788,1313
32789,1313
32790,1313
32792,23
32792,64
32792,113
32792,142
32792,577
32792,1366
32801,79
32801,166
32801,415
32801,460
32801,621
32801,963
32801,1333
32801,1590
32803,815
32804,1397
32811,1409
32813,815
32828,141
32828,159
32828,247
32828,315
32828,517
32828,1492
32828,1507
32830,1211
32832,1254
32836,647
32836,775
32836,963
32836,1344
32836,1679
32842,1359
32844,1408
32847,1408
32851,1408
32852,1408
32853,1390
32854,1390
32855,1390
32856,1390
32858,1390
32859,1390
32861,1390
32862,1390
32866,113
32866,323
32866,460
32866,1255
32866,1516
32866,1551
32866,1552
32867,104
32867,166
32867,460
32867,687
32867,1255
32867,1309
32867,1516
32875,53
32876,218
32876,1029
32887,79
32887,166
32887,415
32887,460
32887,621
32887,963
32887,1333
32887,1590
32899,145
32899,159
32899,315
32899,323
32899,1581
32900,17
32900,719
32901,17
32901,166
32901,681
32901,1416
32901,1653
32902,10
32902,464
32904,144
32926,62
32933,1485
32935,1143
32935,1365
32936,1530
32948,17
32948,53
32948,169
32948,1411
32948,1412
32948,1559
32953,104
32977,150
32979,64
32979,104
32979,238
32979,470
32979,787
32979,843
32979,1211
32979,1333
32979,1337
32979,1386
32979,1581
32983,16
32983,17
32983,139
32983,148
32998,109
32998,143
32998,1626
32999,113
33003,79
33003,238
33003,306
33003,464
33003,619
33003,882
33003,1337
33003,1449
33003,1539
33021,17
33023,82
33023,459
33023,711
33023,1143
33023,1261
33023,1542
33031,16
33031,64
33031,238
33031,460
33031,647
33031,719
33031,1039
33031,1284
33031,1407
33031,1469
33031,1590
33032,1113
33034,79
33045,104
33045,230
33045,787
33045,1233
33045,1313
33045,1544
33051,64
33051,142
33051,143
33059,111
33060,111
33062,111
33064,10
33064,23
33064,28
33064,104
33064,109
33064,142
33064,230
33064,1121
33064,1233
33079,1400
33080,58
33080,1394
33082,58
33087,963
33091,203
33094,17
33094,76
33094,1496
33095,143
33095,159
33095,315
33095,1344
33113,64
33113,135
33113,238
33113,963
33113,1334
33113,1425
33115,198
33119,459
33124,123
33142,16
33144,1173
33149,1430
33154,169
33161,1425
33174,517
33174,1009
33175,123
33176,323
33190,203
33194,1268
33194,1431
33195,1268
33195,1431
33196,1431
33201,315
33201,615
33203,62
33203,139
33203,148
33203,415
33203,460
33203,843
33203,1412
33205,10
33205,503
33206,104
33206,144
33206,1500
33209,1349
33218,104
33218,577
33218,1602
33218,1696
33222,315
33222,615
33222,1414
33236,757
33238,1486
33241,111
33245,315
33255,16
33255,62
33255,144
33255,323
33255,460
33255,517
33255,1233
33255,1365
33255,1390
33255,1803
33263,17
33263,159
33271,1460
33272,1460
33279,1460
33290,104
33300,16
33305,1706
33309,1349
33337,23
33337,58
33337,104
33337,139
33337,1121
33337,1337
33337,1416
33337,1516
33337,1554
33339,1349
33339,1831
33350,1431
33352,104
33352,144
33352,211
33352,1500
33362,1113
33390,318
33390,1383
33394,144
33394,1557
33394,1647
33396,1706
33400,123
33401,757
33414,111
33417,113
33417,166
33417,238
33417,315
33417,323
33417,460
33417,737
33417,1211
33417,1309
33417,1627
33421,1325
33421,1349
33421,1530
33446,1349
33447,144
33447,781
33447,1481
33449,1328
33475,108
33475,238
33475,323
33475,460
33475,1255
33475,1551
33475,1685
33475,1686
33478,159
33478,1309
33478,1444
33478,1602
33485,198
33486,53
33486,76
33486,166
33486,757
33486,1143
33486,1365
33491,145
33502,104
33502,113
33502,238
33502,315
33502,460
33502,1551
33502,1651
33506,17
33506,53
33506,143
33506,166
33506,1365
33511,1284
33532,108
33532,1345
33537,1522
33538,111
33539,111
33540,111
33541,1557
33546,539
33566,73
33589,460
33589,737
33589,1255
33589,1344
33605,1349
33654,64
33654,238
33654,1211
33654,1284
33654,1287
33654,1334
33654,1363
33654,1494
33654,1554
33654,1582
33654,1680
33663,63
33663,78
33672,55
33672,142
33672,245
33672,1315
33672,1430
33674,61
33674,166
33674,238
33674,1696
33689,1515
33690,1557
33698,1739
33702,1349
33713,64
33713,123
33723,144
33726,1
33726,53
33726,61
33726,104
33726,108
33726,238
33726,1582
33728,464
33728,735
33728,777
33728,1294
33728,1568
33729,1568
33731,108
33731,238
33731,737
33731,1551
33731,1614
33733,16
33733,53
33758,1727
33762,1349
33763,1349
33771,1325
33771,1530
33797,23
33797,104
33797,539
33797,1648
33798,23
33798,104
33798,139
33798,1211
33798,1365
33798,1516
33801,1349
33814,315
33834,79
33834,104
33834,238
33834,547
33834,1113
33834,1494
33834,1654
33836,144
33836,145
33836,315
33836,1557
33836,1601
33836,1602
33846,144
33849,1003
33867,1489
33868,1489
33869,1489
33906,1390
33907,1390
33908,1390
33909,1515
33910,1515
33925,1706
33933,757
33937,384
33947,507
33948,108
33948,238
33948,392
33948,737
33969,1349
33983,16
33983,73
33983,1619
33983,1663
34012,16
34012,64
34012,464
34012,513
34012,1284
34012,1549
34012,1708
34014,452
34019,140
34019,141
34019,144
34019,781
34019,1333
34019,1377
34019,1563
34019,1649
34019,1744
34021,73
34034,16
34034,62
34037,198
34052,53
34052,62
34052,142
34052,143
34052,323
34052,1430
34052,1507
34076,104
34076,411
34076,1261
34076,1334
34076,1492
34076,1542
34076,1587
34085,815
34086,23
34086,104
34086,1233
34086,1510
34102,108
34102,464
34102,517
34102,777
34102,1223
34102,1333
34102,1412
34102,1416
34102,1516
34102,1631
34102,1635
34102,1688
34102,1689
34104,23
34104,79
34104,104
34104,238
34104,306
34104,1287
34104,1333
34106,62
34106,111
34106,1430
34125,1788
34126,17
34126,143
34126,166
34126,203
34126,306
34126,681
34126,775
34126,1211
34126,1416
34126,1496
34136,73
34162,198
34176,104
34176,213
34176,787
34176,1386
34192,18
34198,104
34198,230
34223,777
34223,1211
34224,198
34238,1284
34239,16
34240,213
34262,16
34262,58
34262,64
34262,100
34262,238
34262,315
34262,717
34262,1284
34262,1469
34262,1549
34262,1554
34262,1635
34277,113
34277,711
34279,17
34279,1233
34279,1261
34279,1416
34279,1500
34279,1653
34279,1696
34279,1788
34279,1858
34280,15
34280,61
34280,113
34280,238
34280,1113
34280,1211
34280,1331
34280,1336
34280,1416
34284,53
34284,143
34284,144
34284,166
34284,460
34284,1696
34289,58
34289,166
34289,415
34289,460
34289,1416
34289,1444
34300,1727
34300,1728
34302,1653
34321,17
34321,703
34323,167
34350,23
34350,104
34350,382
34350,1211
34350,1333
34350,1516
34368,33
34368,104
34368,108
34368,113
34368,166
34368,411
34368,460
34368,1551
34368,1709
34374,143
34374,144
34374,315
34376,144
34393,1647
34402,1645
34402,1677
34414,1481
34416,1428
34445,53
34445,143
34445,144
34445,166
34445,460
34445,1696
34447,315
34447,464
34458,198
34476,289
34480,415
34480,1365
34481,1113
34481,1331
34494,238
34494,797
34494,1143
34494,1416
34494,1500
34494,1516
34522,16
34522,64
34522,103
34522,238
34522,245
34522,460
34522,1039
34522,1185
34522,1261
34522,1284
34522,1787
34522,1817
34522,1824
34533,1481
34537,169
34537,245
34537,843
34537,1696
34538,23
34538,104
34541,47
34541,53
34541,76
34541,245
34541,1003
34541,1313
34541,1488
34541,1496
34541,1696
34541,1698
34541,1699
34541,1700
34541,1701
34541,1702
34541,1703
34541,1777
34541,1789
34541,1790
34541,1791
34541,1792
34543,17
34543,53
34543,169
34543,1671
34547,17
34547,143
34547,159
34547,1123
34547,1333
34547,1496
34547,1602
34547,1677
34549,111
34549,715
34572,16
34572,1284
34572,1365
34577,17
34577,53
34577,159
34577,166
34577,1345
34580,141
34580,392
34580,1003
34591,16
34591,17
34591,139
34591,148
34599,108
34599,238
34599,332
34599,737
34599,1551
34599,1587
34599,1677
34602,1414
34602,1727
34602,1728
34612,16
34612,62
34612,323
34612,460
34612,517
34612,1233
34612,1365
34612,1390
34612,1803
34613,144
34618,17
34618,797
34618,1412
34618,1496
34618,1554
34618,1653
34618,1799
34623,104
34623,1113
34623,1373
34629,577
34630,577
34634,1524
34636,53
34636,143
34636,144
34636,159
34636,166
34636,1097
34636,1390
34636,1449
34642,1587
34647,17
34647,53
34647,111
34647,148
34647,517
34647,1390
34652,1592
34657,1397
34678,58
34712,23
34712,104
34712,306
34712,1333
34712,1373
34712,1516
34712,1554
34724,1349
34724,1771
34725,144
34771,145
34771,323
34771,1392
34771,1443
34771,1585
34771,1816
34787,16
34787,139
34787,1284
34787,1421
34787,1430
34792,169
34792,245
34792,769
34792,843
34798,238
34798,737
34798,963
34798,1185
34798,1416
34798,1590
34798,1784
34802,757
34815,198
34823,1640
34831,55
34834,23
34834,104
34834,459
34834,775
34834,1678
34841,55
34844,29
34845,29
34847,29
34866,16
34866,139
34871,1003
34881,139
34881,159
34881,166
34881,460
34881,757
34881,1344
34881,1416
34881,1449
34881,1800
34884,64
34884,104
34884,415
34884,1430
34888,775
34914,61
34914,108
34914,166
34914,238
34914,737
34914,797
34914,963
34914,1496
34915,17
34915,104
34915,687
34915,1233
34915,1500
34934,61
34934,144
34934,159
34934,539
34934,647
34934,1313
34934,1333
34934,1449
34934,1576
34934,1635
34973,23
34973,104
34973,681
34973,775
34984,17
34984,53
34984,169
34984,1671
35018,1284
35025,111
35033,150
35034,150
35037,150
35038,150
35039,150
35040,150
35044,1414
35062,10
35062,109
35062,464
35062,1452
35063,17
35067,16
35067,53
35067,211
35067,238
35067,1284
35067,1632
35069,16
35073,238
35073,392
35073,1254
35073,1333
35073,1614
35073,1696
35075,159
35075,1344
35078,61
35078,166
35078,238
35078,1254
35078,1333
35078,1551
35078,1696
35079,166
35079,306
35079,681
35079,1113
35079,1444
35079,1784
35082,104
35082,109
35082,144
35090,198
35159,144
35203,64
35203,135
35203,144
35203,238
35203,517
35203,547
35203,1185
35203,1211
35203,1594
35215,1431
35222,23
35222,104
35222,139
35222,148
35222,1121
35222,1800
35234,10
35234,1723
35239,10
35239,1723
35240,23
35240,104
35240,166
35240,1211
35240,1287
35240,1333
35240,1337
35241,79
35241,104
35241,238
35241,470
35241,647
35241,719
35241,1576
35241,1696
35241,1821
35247,17
35247,159
35248,64
35248,276
35248,843
35248,1211
35248,1213
35248,1581
35249,104
35249,1143
35249,1412
35249,1587
35254,76
35298,64
35298,460
35298,464
35298,1254
35298,1587
35298,1784
35302,111
35302,1387
35328,459
35330,1344
35333,1349
35338,17
35346,61
35346,213
35346,323
35346,1233
35346,1510
35353,58
35372,111
35376,238
35376,874
35376,1143
35376,1261
35376,1365
35376,1414
35376,1416
35376,1517
35376,1581
35413,23
35413,104
35413,109
35413,775
35413,1333
35413,1416
35413,1430
35416,113
35416,144
35419,111
35423,1656
35444,169
35444,1657
35466,1481
35484,29
35484,127
35484,1211
35484,1602
35497,198
35507,101
35507,104
35507,108
35507,238
35507,737
35507,882
35507,1551
35507,1707
35510,104
35510,1574
35510,1590
35522,113
35522,464
35522,797
35522,1488
35530,111
35531,111
35533,111
35535,111
35536,111
35538,29
35552,503
35575,1318
35579,123
35594,715
35602,464
35639,64
35639,238
35639,843
35639,1113
35639,1211
35639,1730
35639,1731
35658,23
35663,111
35667,111
35669,111
35672,1211
35672,1261
35672,1492
35672,1517
35672,1631
35672,1660
35672,1886
35673,1492
35676,839
35677,104
35677,144
35677,211
35694,111
35695,111
35730,315
35730,615
35740,55
35740,62
35740,142
35740,245
35740,1315
35740,1430
35756,797
35756,1412
35756,1416
35756,1744
35773,159
35776,58
35782,111
35785,111
35788,104
35788,415
35788,460
35788,1365
35818,1645
35828,145
35828,1254
35828,1585
35828,1594
35828,1783
35828,1784
35838,238
35838,1550
35838,1551
35838,1696
35839,108
35839,166
35839,238
35839,737
35839,1334
35839,1551
35839,1696
35839,1779
35839,1784
35843,16
35843,17
35843,53
35843,1365
35847,143
35847,144
35847,453
35847,460
35847,539
35847,894
35847,1334
35847,1358
35847,1416
35849,17
35849,47
35849,166
35849,539
35849,1123
35849,1211
35849,1366
35849,1415
35849,1416
35849,1496
35849,1500
35857,1003
35889,64
35889,238
35889,415
35889,460
35889,681
35889,1211
35889,1416
35905,238
35905,306
35905,323
35905,460
35905,843
35905,1211
35905,1333
35905,1631
35905,1801
35963,169
35972,16
35972,53
35972,1284
35974,1343
35999,58
36000,213
36023,17
36023,56
36023,166
36023,344
36023,1345
36023,1858
36028,306
36028,1113
36028,1211
36028,1261
36028,1345
36028,1365
36028,1501
36028,1747
36029,1113
36029,1331
36038,315
36038,464
36038,737
36038,1211
36038,1481
36038,1501
36038,1784
36039,23
36039,104
36039,1333
36039,1833
36065,1716
36066,1716
36067,1716
36094,104
36094,238
36094,737
36094,1551
36094,1696
36101,1718
36112,58
36129,144
36144,577
36148,1806
36152,1723
36166,417
36185,1831
36186,17
36186,104
36186,687
36186,1233
36186,1500
36226,1431
36226,1831
36229,1480
36248,1723
36249,1723
36267,61
36267,323
36267,719
36267,1211
36267,1502
36267,1550
36267,1590
36267,1598
36267,1614
36267,1735
36275,951
36288,1818
36291,1806
36296,108
36296,306
36296,323
36296,1551
36301,111
36305,17
36309,104
36309,113
36349,111
36353,111
36354,111
36360,111
36373,111
36376,111
36378,111
36381,111
36382,111
36383,111
36384,111
36385,111
36386,111
36387,111
36388,111
36395,111
36396,111
36398,111
36403,111
36404,291
36432,58
36432,166
36432,238
36432,415
36432,1113
36432,1696
36455,1349
36455,1773
36456,1143
36456,1365
36464,1723
36466,1858
36468,1696
36470,108
36470,238
36470,1334
36470,1416
36474,17
36474,79
36474,1233
36474,1444
36474,1683
36474,1696
36474,1858
36475,17
36475,1444
36491,1727
36491,1728
36519,45
36519,111
36522,1349
36524,79
36524,1671
36524,1743
36524,1745
36524,1784
36537,1113
36538,17
36539,64
36539,464
36545,1349
36552,230
36561,1727
36561,1728
36561,1827
36563,145
36563,159
36563,1840
36565,111
36565,1430
36591,150
36593,1415
36593,1500
36594,167
36595,167
36597,167
36604,167
36605,167
36607,167
36620,111
36632,963
36638,1425
36646,1233
36652,111
36653,104
36653,144
36662,6
36662,224
36667,1343
36688,238
36688,323
36688,460
36688,882
36688,1255
36688,1516
36688,1551
36688,1604
36688,1696
36722,1727
36726,17
36726,1365
36728,1209
36728,1600
36736,169
36744,1752
36746,1752
36747,1752
36754,464
36754,1696
36757,150
36757,167
36759,1043
36761,1284
36766,1755
36767,1390
36780,1390
36784,104
36784,166
36784,843
36784,1211
36784,1261
36797,1211
36810,111
36811,111
36812,111
36815,1757
36817,464
36817,1582
36819,111
36820,111
36821,111
36822,757
36823,1349
36824,1349
36824,1414
36824,1727
36825,16
36833,113
36838,16
36838,17
36838,53
36838,1365
36840,745
36840,1758
36840,1760
36840,1761
36847,547
36848,1349
36848,1414
36881,16
36884,415
36884,843
36884,1333
36896,1365
36902,79
36902,238
36902,460
36902,1744
36902,1784
36905,1723
36910,1727
36934,16
36934,415
36934,951
36934,1365
36936,245
36936,689
36936,1003
36936,1696
36936,1791
36936,1858
36943,1582
36949,1365
36970,111
36990,104
36991,73
37007,139
37007,144
37007,1365
37007,1416
37007,1517
37007,1901
37011,111
37017,795
37021,882
37023,1428
37031,10
37031,109
37031,464
37031,1452
37044,1727
37044,1728
37059,111
37070,111
37071,111
37073,111
37074,111
37105,143
37105,159
37105,1113
37105,1284
37105,1287
37105,1501
37105,1602
37141,17
37141,159
37141,306
37150,1727
37172,547
37175,1826
37176,1727
37176,1728
37176,1827
37184,1727
37184,1728
37191,111
37192,111
37193,111
37196,111
37204,16
37204,53
37208,1727
37221,143
37221,144
37221,213
37221,460
37221,1261
37221,1622
37221,1696
37221,1907
37221,1908
37242,58
37242,1287
37242,1856
37258,1143
37259,159
37259,1143
37265,1233
37265,1673
37265,1720
37278,1233
37291,1727
37320,1758
37320,1760
37324,16
37349,15
37349,61
37349,238
37349,621
37349,775
37349,1333
37349,1899
37349,1900
37350,111
37351,111
37384,200
37396,229
37396,1294
37396,1319
37396,1325
37396,1414
37401,1390
37407,1556
37430,104
37430,1416
37430,1840
37430,1896
37433,16
37433,139
37433,159
37433,238
37433,470
37433,1499
37433,1612
37433,1886
37447,769
37447,1747
37450,17
37450,1211
37450,1333
37450,1366
37450,1416
37450,1500
37450,1696
37461,111
37465,111
37475,1113
37497,1113
37497,1386
37517,29
37517,58
37517,79
37517,143
37517,1869
37536,111
37554,1723
37564,1349
37579,323
37584,145
37584,963
37584,1590
37647,1723
37657,145
37657,315
37657,1904
37663,1233
37663,1673
37663,1720
37668,169
37688,111
37693,111
37695,111
37721,111
37722,238
37722,737
37722,1377
37722,1551
37722,1614
37722,1696
37786,238
37786,737
37786,1334
37786,1551
37786,1696
37787,73
37884,1113
37884,1365
37884,1747
37894,1806
37904,213
37904,1723
37963,10
37968,16
37976,1284
37976,1587
37976,1856
37978,16
37978,104
37988,61
37988,323
37988,719
37988,1211
37988,1502
37988,1550
37988,1590
37988,1598
37988,1614
37988,1735
37990,159
37990,1041
37990,1859
37991,415
37991,1365
38022,1572
38060,1328
38147,1862
38147,1863
38212,719
38212,1536
38212,1760
38235,16
38235,53
38254,315
38254,1868
38262,111
38262,1023
38262,1797
38262,1891
38292,919
38395,1340
38395,1875
38395,1902
