studio,anime
1,104
1,123
1,129
1,130
1,131
1,153
1,163
1,175
1,236
1,238
1,245
1,305
1,310
1,330
1,345
1,380
1,381
1,392
1,407
1,442
1,484
1,604
1,605
1,645
1,761
1,811
1,834
1,882
1,883
1,912
1,936
1,1026
1,1032
1,1074
1,1084
1,1087
1,1180
1,1235
1,1281
1,1293
1,1457
1,1481
1,1488
1,1555
1,1642
1,1686
1,1728
1,1735
1,1769
1,1804
1,1844
1,2016
1,2018
1,2038
1,2039
1,2045
1,2080
1,2095
1,2098
1,2125
1,2126
1,2142
1,2151
1,2248
1,2336
1,2361
1,2454
1,2458
1,2472
1,2612
1,2697
1,2851
1,2889
1,3053
1,3059
1,3060
1,3114
1,3320
1,3391
1,3394
1,3550
1,3672
1,3787
1,3813
1,4134
1,4197
1,4437
1,4591
1,4835
1,4923
1,5002
1,5246
1,5538
1,5689
1,5835
1,6067
1,6093
1,6325
1,6586
1,6726
1,6964
1,7367
1,7664
1,8065
1,8079
1,8195
1,8246
1,8247
1,8311
1,8443
1,8487
1,8539
1,8687
1,8764
1,8972
1,9028
1,9120
1,9212
1,9441
1,9834
1,10075
1,10189
1,10360
1,10479
1,10589
1,10607
1,10765
1,11959
1,12031
1,12455
1,12745
1,12769
1,12815
1,13667
1,13781
1,14059
1,14183
1,15915
1,16021
1,16303
1,16345
1,16393
1,16586
1,17601
1,17615
1,18815
1,19511
1,19831
1,19871
1,19873
1,19879
1,19961
1,20385
1,21185
1,22053
1,22055
1,22101
1,22239
1,22319
1,23157
1,23835
1,23837
1,24269
1,24373
1,25013
1,27567
1,27663
1,27899
1,28755
1,30370
1,30458
1,30723
1,30825
1,31297
1,31710
1,32026
1,32105
1,32365
1,32772
1,32878
1,33358
1,33775
1,34238
1,34239
1,34566
1,34572
1,34771
1,35018
1,35067
1,35118
1,35434
1,35519
1,37096
2,72
2,73
2,101
2,452
2,615
2,920
2,1015
2,1135
2,1530
2,2167
2,4059
2,4181
2,4382
2,4472
2,5118
2,5702
2,5957
2,6291
2,6351
2,6862
2,7017
2,7311
2,7791
2,8857
2,9617
2,9734
2,13259
2,13309
2,13375
2,13441
2,13469
2,15687
2,15879
2,16934
2,17791
2,17811
2,17813
2,17815
2,17819
2,17879
2,18153
2,18507
2,18671
2,19021
2,20385
2,20909
2,21241
2,21647
2,22147
2,22265
2,22859
2,23237
2,23385
2,23399
2,25015
2,26213
2,27989
2,28851
2,30415
2,30745
2,31096
2,31442
2,31665
2,31988
2,31989
2,33206
2,33352
2,33845
2,34204
2,35082
2,35145
2,35191
2,35198
2,35363
2,35677
2,36032
2,36653
2,36704
2,36799
2,36855
2,37095
2,37577
2,37858
2,37859
2,37860
3,25
3,27
3,60
3,67
3,68
3,152
3,161
3,166
3,180
3,181
3,198
3,239
3,270
3,271
3,274
3,395
3,529
3,833
3,928
3,935
3,1051
3,1098
3,1112
3,1149
3,1155
3,1156
3,1157
3,1210
3,1538
3,1601
3,1681
3,1690
3,1691
3,1699
3,1885
3,2205
3,2212
3,2267
3,2795
3,2964
3,2993
3,3113
3,3138
3,3230
3,3407
3,3470
3,3653
3,3667
3,4163
3,4214
3,4450
3,4657
3,4726
3,4970
3,5051
3,5199
3,5220
3,5322
3,5671
3,7041
3,7540
3,7728
3,7759
3,8026
3,9568
3,10197
3,10336
3,10801
3,11795
3,12321
3,12429
3,12877
3,13709
3,14347
3,15393
3,17681
3,17741
3,18919
3,19397
3,20543
3,20649
3,22547
3,23781
3,29163
3,30916
3,32993
3,34051
3,34903
3,35248
3,36267
3,36754
3,37007
3,37823
3,37866
3,37988
4,5
4,52
4,167
4,216
4,393
4,430
4,483
4,559
4,664
4,758
4,853
4,953
4,1023
4,1587
4,1631
4,2025
4,2161
4,3673
4,4177
4,4182
4,4334
4,5114
4,5288
4,6573
4,7654
4,7902
4,8425
4,8934
4,9121
4,9135
4,10161
4,10178
4,10294
4,10504
4,10713
4,10714
4,10715
4,10716
4,10798
4,10842
4,12411
4,12471
4,12857
4,13731
4,14075
4,15979
4,20613
4,20853
4,21195
4,21507
4,21677
4,23067
4,23327
4,24231
4,25635
4,27441
4,30123
4,30503
4,30885
4,30915
4,31147
4,31173
4,31478
4,31483
4,31964
4,32030
4,32182
4,32313
4,32574
4,32867
4,33071
4,33486
4,33929
4,34451
4,35134
4,35262
4,35459
4,36039
4,36456
4,36616
4,36884
4,36896
4,37504
5,48
5,55
5,177
5,252
5,272
5,299
5,347
5,454
5,771
5,969
5,1138
5,1143
5,1487
5,2030
5,2619
5,4094
5,5682
5,7662
6,31
6,145
6,146
6,151
6,159
6,227
6,276
6,327
6,412
6,602
6,937
6,949
6,1002
6,1008
6,1060
6,1251
6,1252
6,1911
6,2001
6,2057
6,3080
6,3352
6,4107
6,4565
6,4705
6,4997
6,5034
6,5151
6,5462
6,5947
6,6075
6,6390
6,6574
6,7066
6,7108
6,7155
6,7248
6,8348
6,8795
6,10622
6,10739
6,10967
6,11761
6,13311
6,14527
6,16646
6,16648
6,16740
6,17787
6,17821
6,17919
6,20547
6,21421
6,24123
6,29871
6,32248
6,32739
7,145
7,149
7,159
7,169
7,193
7,209
7,233
7,257
7,273
7,341
7,342
7,379
7,440
7,441
7,456
7,469
7,519
7,564
7,601
7,614
7,659
7,715
7,718
7,743
7,752
7,776
7,798
7,831
7,867
7,868
7,1017
7,1018
7,1066
7,1082
7,1115
7,1152
7,1161
7,1162
7,1170
7,1171
7,1177
7,1216
7,1244
7,1324
7,1338
7,1344
7,1480
7,1484
7,1560
7,1571
7,1593
7,1657
7,1665
7,1671
7,1698
7,1718
7,1762
7,1766
7,1786
7,1815
7,1840
7,1843
7,1898
7,1913
7,1990
7,2003
7,2069
7,2364
7,2453
7,2462
7,2473
7,2474
7,2604
7,2693
7,2730
7,2744
7,2754
7,2780
7,2787
7,2839
7,2927
7,3057
7,3095
7,3214
7,3221
7,3410
7,3420
7,3461
7,3600
7,3605
7,3655
7,3665
7,3736
7,3956
7,3965
7,3989
7,4028
7,4173
7,4192
7,4205
7,4224
7,4477
7,4654
7,4688
7,5141
7,5150
7,5233
7,5656
7,5673
7,5764
7,5955
7,6031
7,6068
7,6187
7,6213
7,6229
7,6230
7,6330
7,6489
7,6557
7,6709
7,6773
7,6882
7,7054
7,7058
7,7375
7,7674
7,7768
7,7769
7,8042
7,8190
7,8233
7,8442
7,8476
7,8560
7,8812
7,9063
7,9331
7,9366
7,9526
7,10030
7,10180
7,10217
7,10298
7,10460
7,10568
7,10604
7,11319
7,11433
7,11553
7,11739
7,11743
7,12037
7,12365
7,12679
7,12795
7,12823
7,12967
7,13655
7,13759
7,13859
7,14631
7,14647
7,15411
7,15591
7,15711
7,16049
7,16251
7,17131
7,17267
7,17643
7,17895
7,18557
7,18599
7,20035
7,20039
7,20517
7,21105
7,21541
7,21545
7,21547
7,21821
7,22117
7,22273
7,22759
7,23353
7,23369
7,23447
7,23487
7,23701
7,23731
7,23855
7,23945
7,24037
7,24093
7,24159
7,27509
7,27613
7,27629
7,27997
7,28121
7,28171
7,28603
7,29513
7,29758
7,29786
7,30196
7,31280
7,31327
7,31376
7,31422
7,31486
7,31771
7,32485
7,32564
7,32801
7,32887
7,33247
7,33255
7,33478
7,33532
7,33788
7,34289
7,34350
7,34368
7,34480
7,34607
7,34612
7,34712
7,34734
7,35025
7,35788
7,36083
7,36432
7,36559
7,36827
7,36873
7,36949
7,36962
7,37254
7,37272
7,37578
7,37802
8,457
8,820
8,1222
8,1246
8,1604
8,2155
8,2518
8,2779
8,3014
8,3371
8,4551
8,4765
8,7083
8,7088
8,8465
8,8532
8,9023
8,10045
8,14647
8,21329
8,24687
8,24701
8,27967
8,28957
8,31091
8,32218
8,33740
8,33834
8,35417
8,35559
8,35817
10,31
10,150
10,227
10,405
10,445
10,466
10,467
10,525
10,526
10,560
10,570
10,793
10,807
10,815
10,825
10,861
10,870
10,974
10,999
10,1013
10,1095
10,1096
10,1190
10,1316
10,1317
10,1409
10,1410
10,1566
10,1613
10,1622
10,1751
10,1777
10,1827
10,2023
10,2032
10,2059
10,2097
10,2289
10,2388
10,2448
10,2449
10,2689
10,2733
10,2792
10,2930
10,3088
10,3091
10,3270
10,3290
10,3430
10,3447
10,3501
10,3597
10,3620
10,3736
10,3952
10,4094
10,4103
10,4151
10,4191
10,4415
10,4420
10,4672
10,4918
10,4938
10,5168
10,5322
10,5332
10,5355
10,5386
10,5420
10,5877
10,5904
10,5996
10,5998
10,6046
10,6372
10,6399
10,6408
10,6581
10,6634
10,6864
10,6927
10,8337
10,8481
10,8514
10,8628
10,8648
10,8745
10,8768
10,9365
10,9629
10,9693
10,9724
10,9737
10,9745
10,9857
10,9917
10,10036
10,10092
10,10104
10,10162
10,10216
10,10389
10,10483
10,10573
10,10681
10,10689
10,10693
10,10731
10,10793
10,10862
10,10870
10,10947
10,10948
10,10949
10,10950
10,11113
10,11371
10,11755
10,11771
10,12367
10,12723
10,13073
10,13171
10,13245
10,13411
10,13495
10,13561
10,13599
10,13601
10,14117
10,14317
10,15487
10,15769
10,15895
10,15933
10,16149
10,16241
10,16524
10,16894
10,16916
10,17167
10,17187
10,18465
10,18549
10,18689
10,19159
10,19191
10,19193
10,19195
10,19669
10,19889
10,20919
10,21339
10,21575
10,21587
10,21663
10,21755
10,21995
10,22013
10,22125
10,22417
10,23099
10,23319
10,24237
10,25341
10,25597
10,26441
10,27411
10,27417
10,28891
10,29325
10,29583
10,29697
10,29834
10,30230
10,30364
10,30573
10,31113
10,31405
10,31658
10,31927
10,32461
10,32668
10,32827
10,32869
10,32871
10,32935
10,33010
10,33129
10,33163
10,33236
10,34328
10,34349
10,34636
10,34784
10,35110
10,35654
10,35658
10,36937
10,37655
11,26
11,57
11,59
11,134
11,155
11,156
11,174
11,197
11,232
11,242
11,258
11,263
11,264
11,265
11,293
11,311
11,323
11,383
11,402
11,437
11,448
11,496
11,522
11,543
11,563
11,566
11,595
11,596
11,599
11,606
11,617
11,618
11,635
11,642
11,653
11,655
11,658
11,691
11,759
11,760
11,777
11,845
11,855
11,877
11,957
11,981
11,1012
11,1016
11,1043
11,1081
11,1107
11,1109
11,1148
11,1165
11,1209
11,1224
11,1245
11,1268
11,1269
11,1280
11,1303
11,1311
11,1352
11,1454
11,1462
11,1483
11,1519
11,1535
11,1614
11,1626
11,1668
11,1673
11,1683
11,1752
11,1753
11,1757
11,1758
11,1767
11,1818
11,1824
11,1825
11,1857
11,1869
11,1890
11,1893
11,1910
11,1951
11,1952
11,1973
11,1980
11,2008
11,2009
11,2017
11,2019
11,2091
11,2092
11,2093
11,2130
11,2164
11,2178
11,2216
11,2236
11,2427
11,2429
11,2468
11,2495
11,2500
11,2594
11,2618
11,2621
11,2719
11,2727
11,2768
11,2769
11,2770
11,2828
11,2931
11,2985
11,2994
11,2997
11,2998
11,2999
11,3002
11,3004
11,3007
11,3014
11,3111
11,3115
11,3120
11,3152
11,3549
11,3599
11,3616
11,3701
11,3778
11,3829
11,3859
11,3863
11,3889
11,4082
11,4094
11,4106
11,4202
11,4618
11,4879
11,4981
11,4983
11,5040
11,5045
11,5226
11,5258
11,5447
11,5554
11,5681
11,5848
11,5918
11,5935
11,6030
11,6137
11,6736
11,6875
11,6899
11,6918
11,7193
11,7314
11,7322
11,7651
11,7785
11,7818
11,7967
11,7972
11,8451
11,8896
11,8963
11,8986
11,9515
11,9748
11,9916
11,10098
11,10199
11,10271
11,10445
11,10509
11,10629
11,10800
11,10979
11,11061
11,11483
11,11685
11,11933
11,12069
11,12141
11,12935
11,13047
11,13955
11,14181
11,14345
11,14353
11,14397
11,15719
11,15743
11,15847
11,16009
11,16397
11,18689
11,18745
11,19647
11,19769
11,19815
11,19951
11,20423
11,20785
11,21255
11,21681
11,22111
11,24139
11,24991
11,25265
11,25267
11,25341
11,25491
11,27939
11,28223
11,28237
11,28297
11,29803
11,30230
11,30276
11,31559
11,31588
11,31704
11,31764
11,31772
11,33218
11,33337
11,33674
11,34349
11,34428
11,34975
11,35073
11,35320
11,35720
11,35839
11,36497
11,37402
11,37433
11,37675
13,420
13,565
13,872
13,1031
13,1072
13,1105
13,1106
13,1303
13,1462
13,1955
13,1977
13,1978
13,1979
13,2057
13,2154
13,3506
13,3508
13,3684
13,3685
13,3702
13,4094
13,4098
13,5018
13,5065
13,5178
13,5369
13,6533
13,6666
13,6667
13,6795
13,8526
13,8955
13,9045
13,9667
13,9846
13,10218
13,12113
13,13255
13,13427
13,17293
13,18841
13,18953
13,22137
13,23877
13,23903
13,25873
13,28211
13,30358
13,30920
13,33366
13,33391
13,34324
13,37054
13,38292
14,1
14,80
14,81
14,83
14,84
14,85
14,86
14,87
14,88
14,89
14,90
14,91
14,93
14,95
14,96
14,98
14,99
14,168
14,182
14,285
14,290
14,324
14,329
14,393
14,396
14,397
14,398
14,399
14,400
14,424
14,449
14,452
14,516
14,565
14,567
14,574
14,593
14,677
14,791
14,865
14,878
14,890
14,930
14,1011
14,1068
14,1069
14,1090
14,1091
14,1092
14,1136
14,1215
14,1241
14,1264
14,1265
14,1266
14,1267
14,1289
14,1314
14,1381
14,1391
14,1392
14,1393
14,1394
14,1396
14,1450
14,1470
14,1471
14,1473
14,1475
14,1476
14,1477
14,1575
14,1576
14,1609
14,1789
14,1792
14,1794
14,1796
14,1802
14,1803
14,1848
14,1849
14,1850
14,1851
14,1917
14,1967
14,1968
14,1969
14,2028
14,2048
14,2124
14,2128
14,2199
14,2245
14,2258
14,2273
14,2298
14,2303
14,2304
14,2305
14,2306
14,2319
14,2391
14,2407
14,2408
14,2516
14,2581
14,2583
14,2584
14,2586
14,2599
14,2695
14,2722
14,2731
14,2735
14,2743
14,2758
14,2761
14,2803
14,2818
14,2904
14,2916
14,2951
14,3054
14,3079
14,3098
14,3147
14,3268
14,3288
14,3305
14,3315
14,3325
14,3327
14,3406
14,3432
14,3499
14,3505
14,3568
14,3576
14,3626
14,3659
14,3927
14,3963
14,3964
14,4037
14,4119
14,4200
14,4232
14,4416
14,4471
14,4532
14,4536
14,4540
14,4574
14,4596
14,4650
14,4709
14,4884
14,4886
14,5075
14,5082
14,5163
14,5270
14,5290
14,5303
14,5351
14,5372
14,5440
14,5710
14,5723
14,5725
14,5933
14,6288
14,6336
14,6567
14,6587
14,6610
14,6768
14,6792
14,6794
14,6811
14,6901
14,6945
14,7048
14,7060
14,7113
14,7270
14,7472
14,7601
14,7953
14,8017
14,8062
14,8132
14,8134
14,8142
14,8240
14,8248
14,8249
14,8518
14,8728
14,8754
14,8839
14,8853
14,9040
14,9333
14,9346
14,9387
14,9388
14,9389
14,9391
14,9520
14,9522
14,9759
14,9810
14,9907
14,9965
14,9969
14,9978
14,9981
14,10156
14,10581
14,10643
14,10735
14,10751
14,10780
14,10808
14,10937
14,10965
14,11033
14,11099
14,11299
14,11635
14,11759
14,11843
14,12015
14,12017
14,12119
14,12223
14,12337
14,12343
14,12347
14,12441
14,12487
14,12637
14,12685
14,12699
14,12753
14,12893
14,13233
14,13449
14,13639
14,13927
14,13939
14,14293
14,14853
14,14913
14,15051
14,15197
14,15199
14,15417
14,15431
14,16514
14,16590
14,17205
14,17277
14,17679
14,17717
14,18295
14,18795
14,18881
14,19111
14,19271
14,19319
14,19497
14,19587
14,19877
14,19977
14,20147
14,20355
14,20667
14,20877
14,20975
14,21077
14,21437
14,21671
14,21853
14,21899
14,22435
14,22819
14,22983
14,22985
14,23015
14,23259
14,23595
14,23765
14,23767
14,24371
14,24625
14,24719
14,24789
14,24835
14,24997
14,25053
14,25313
14,25731
14,27907
14,28101
14,28723
14,30061
14,30178
14,30533
14,30840
14,30873
14,30896
14,31105
14,31145
14,31157
14,31251
14,31369
14,31780
14,32158
14,32202
14,32526
14,32730
14,32792
14,32953
14,33051
14,33221
14,33228
14,33713
14,34391
14,34440
14,34973
14,35224
14,35334
14,35567
14,35949
14,36436
14,37242
18,21
18,23
18,106
18,142
18,144
18,151
18,184
18,223
18,230
18,334
18,350
18,352
18,353
18,460
18,461
18,462
18,464
18,465
18,531
18,532
18,550
18,552
18,586
18,603
18,626
18,660
18,704
18,731
18,813
18,852
18,857
18,874
18,892
18,893
18,894
18,895
18,896
18,897
18,898
18,899
18,901
18,902
18,903
18,904
18,905
18,906
18,911
18,924
18,925
18,926
18,956
18,984
18,985
18,1000
18,1050
18,1068
18,1069
18,1085
18,1123
18,1137
18,1153
18,1214
18,1236
18,1237
18,1238
18,1239
18,1240
18,1254
18,1255
18,1256
18,1257
18,1259
18,1260
18,1278
18,1302
18,1313
18,1327
18,1337
18,1345
18,1356
18,1358
18,1376
18,1491
18,1534
18,1537
18,1548
18,1549
18,1661
18,1707
18,1723
18,1764
18,1765
18,1771
18,1853
18,1861
18,1868
18,1929
18,1930
18,1931
18,1946
18,1986
18,2006
18,2012
18,2055
18,2077
18,2107
18,2165
18,2174
18,2202
18,2203
18,2223
18,2227
18,2229
18,2249
18,2252
18,2253
18,2268
18,2279
18,2385
18,2397
18,2398
18,2405
18,2421
18,2463
18,2470
18,2490
18,2498
18,2499
18,2520
18,2561
18,2606
18,2621
18,2680
18,2799
18,2800
18,2801
18,2802
18,2811
18,2827
18,2830
18,2835
18,2903
18,2937
18,2948
18,2961
18,2962
18,2980
18,3009
18,3021
18,3022
18,3031
18,3032
18,3033
18,3037
18,3043
18,3051
18,3069
18,3076
18,3159
18,3186
18,3251
18,3272
18,3275
18,3279
18,3280
18,3281
18,3332
18,3356
18,3369
18,3433
18,3579
18,3602
18,3630
18,3675
18,3710
18,3754
18,3757
18,3800
18,3838
18,3839
18,3842
18,3843
18,3844
18,3846
18,3847
18,3848
18,3870
18,3875
18,3881
18,3905
18,3906
18,3932
18,3969
18,3975
18,4031
18,4074
18,4113
18,4124
18,4132
18,4138
18,4183
18,4198
18,4199
18,4250
18,4411
18,4427
18,4481
18,4486
18,4547
18,4651
18,4712
18,4935
18,4948
18,4961
18,4991
18,5006
18,5053
18,5082
18,5251
18,5252
18,5296
18,5311
18,5415
18,5515
18,5658
18,5684
18,5785
18,5802
18,5819
18,5832
18,5891
18,5967
18,5968
18,5997
18,6028
18,6033
18,6087
18,6096
18,6130
18,6153
18,6154
18,6181
18,6182
18,6183
18,6219
18,6268
18,6271
18,6272
18,6311
18,6355
18,6413
18,6496
18,6527
18,6583
18,6625
18,6629
18,6672
18,6684
18,6714
18,6774
18,6800
18,6872
18,6970
18,6971
18,6978
18,6980
18,7004
18,7156
18,7157
18,7158
18,7307
18,7336
18,7363
18,7364
18,7430
18,7435
18,7436
18,7522
18,7578
18,7619
18,7666
18,7698
18,7786
18,7793
18,7807
18,7816
18,8133
18,8146
18,8153
18,8154
18,8155
18,8156
18,8157
18,8158
18,8194
18,8208
18,8226
18,8227
18,8228
18,8243
18,8353
18,8394
18,8475
18,8490
18,8491
18,8492
18,8493
18,8494
18,8503
18,8524
18,8546
18,8547
18,8548
18,8550
18,8551
18,8554
18,8561
18,8624
18,8707
18,8920
18,8952
18,9077
18,9154
18,9172
18,9228
18,9264
18,9288
18,9392
18,9498
18,9509
18,9773
18,9781
18,9826
18,9885
18,9979
18,10017
18,10074
18,10118
18,10200
18,10203
18,10207
18,10346
18,10444
18,10549
18,10732
18,10821
18,10893
18,10954
18,11049
18,11269
18,11359
18,11385
18,11569
18,11659
18,11693
18,12163
18,12191
18,12221
18,12231
18,12279
18,12391
18,12399
18,12569
18,12657
18,12663
18,12759
18,12791
18,12859
18,12981
18,13769
18,13931
18,14751
18,14837
18,15307
18,15323
18,15359
18,15873
18,15913
18,16143
18,16239
18,16251
18,16287
18,16442
18,17165
18,17221
18,17269
18,17357
18,17423
18,17599
18,17687
18,17699
18,17719
18,17969
18,18063
18,18475
18,18629
18,18635
18,19123
18,19505
18,19681
18,19683
18,19717
18,19729
18,19745
18,19749
18,19751
18,19753
18,19799
18,19887
18,19995
18,20111
18,20115
18,20127
18,20205
18,20223
18,20723
18,20969
18,21013
18,21031
18,21407
18,21467
18,21475
18,21701
18,21749
18,21835
18,22325
18,22327
18,22329
18,22695
18,22699
18,22777
18,22817
18,22827
18,22831
18,22887
18,22979
18,22981
18,23005
18,23083
18,23343
18,23345
18,23575
18,23643
18,23707
18,24087
18,24405
18,24465
18,24677
18,24927
18,25057
18,25601
18,25687
18,25815
18,26093
18,26095
18,26097
18,26103
18,26107
18,26109
18,26111
18,26113
18,26119
18,26135
18,26137
18,26139
18,27375
18,27377
18,27379
18,27651
18,27845
18,27849
18,27851
18,27853
18,27921
18,28103
18,28367
18,28369
18,28371
18,28511
18,28669
18,28733
18,29035
18,29814
18,29868
18,30028
18,30103
18,30420
18,30449
18,30453
18,30481
18,30483
18,30694
18,30695
18,30930
18,30931
18,30932
18,30933
18,31227
18,31289
18,31733
18,31884
18,32032
18,32051
18,32108
18,32160
18,32437
18,32551
18,32795
18,32885
18,33314
18,33338
18,33606
18,34302
18,34307
18,34826
18,34831
18,34841
18,34877
18,35206
18,35369
18,35603
18,35952
18,35992
18,36215
18,36242
18,36315
18,36466
18,36593
18,36983
18,37051
18,37117
18,37140
18,37562
18,37668
18,37885
18,37902
18,37922
21,164
21,199
21,416
21,431
21,513
21,743
21,1029
21,1030
21,1047
21,1829
21,2488
21,2616
21,2617
21,2767
21,3570
21,3820
21,3821
21,4306
21,4689
21,6975
21,7711
21,8312
21,8632
21,9777
21,9798
21,15021
21,16662
21,16664
21,21557
21,24975
21,25291
21,31102
21,31111
21,32133
22,17
22,110
22,111
22,136
22,139
22,283
22,331
22,332
22,425
22,796
22,951
22,959
22,960
22,1040
22,1375
22,1638
22,1663
22,1669
22,2036
22,2041
22,2207
22,2225
22,2226
22,2415
22,2416
22,2501
22,2503
22,2544
22,2547
22,2548
22,2549
22,2553
22,2554
22,2555
22,2557
22,2558
22,2559
22,2569
22,2571
22,2572
22,2576
22,2577
22,2579
22,2614
22,2623
22,2750
22,2789
22,2913
22,3137
22,3180
22,3199
22,3271
22,3306
22,3317
22,3345
22,3424
22,3425
22,3434
22,3436
22,3438
22,3460
22,3522
22,3561
22,3761
22,3822
22,3823
22,3825
22,3828
22,3835
22,3861
22,3869
22,3973
22,4021
22,4060
22,4061
22,4086
22,4339
22,4550
22,4584
22,4773
22,4782
22,4926
22,5014
22,5052
22,5272
22,5494
22,5535
22,5854
22,6091
22,6149
22,6195
22,6560
22,6822
22,6958
22,7308
22,7374
22,7395
22,8229
22,8373
22,8495
22,9095
22,9348
22,9371
22,9376
22,9549
22,9575
22,9665
22,9811
22,10045
22,10471
22,10554
22,10563
22,11497
22,11593
22,15159
22,15607
22,16041
22,16247
22,16460
22,17473
22,17613
22,19947
22,19965
22,20499
22,21447
22,23581
22,23583
22,23739
22,23741
22,24679
22,24681
22,24791
22,24859
22,25071
22,25073
22,25075
22,25081
22,25083
22,25085
22,25087
22,25089
22,25661
22,29756
22,30803
22,31202
22,32609
22,32888
22,32897
22,33389
22,33474
22,34201
22,35593
24,147
24,321
24,366
24,373
24,421
24,422
24,581
24,1295
24,1297
24,1298
24,2782
24,3026
24,17157
24,23029
27,75
27,113
27,154
27,157
27,192
27,218
27,348
27,445
27,495
27,560
27,763
27,764
27,980
27,1250
27,1536
27,1710
27,1721
27,1891
27,2002
27,2109
27,2112
27,2285
27,2404
27,2700
27,2703
27,2706
27,2709
27,2713
27,2808
27,3342
27,3354
27,3503
27,3861
27,3948
27,4130
27,4760
27,5530
27,5667
27,6065
27,6379
27,6791
27,6896
27,7875
27,8098
27,8101
27,8241
27,8424
27,8514
27,8619
27,8648
27,9181
27,9494
27,9581
27,9724
27,9857
27,9917
27,10092
27,10109
27,10187
27,10301
27,10796
27,11209
27,11227
27,12281
27,12317
27,13663
27,13727
27,14173
27,15565
27,18639
27,18713
27,19067
27,22735
27,23325
27,23931
27,23989
27,24675
27,26443
27,28979
27,30039
27,30250
27,30573
27,31380
27,31711
27,31931
27,32407
27,32686
27,32785
27,33064
27,34005
27,34412
27,34870
27,34884
27,35000
27,36726
27,38149
28,33
28,289
28,458
28,471
28,527
28,528
28,557
28,685
28,919
28,1039
28,1103
28,1104
28,1117
28,1118
28,1119
28,1120
28,1121
28,1122
28,1527
28,1533
28,1553
28,1564
28,1603
28,1624
28,1709
28,1820
28,1863
28,1928
28,2363
28,2728
28,2736
28,2737
28,2741
28,2742
28,2842
28,2950
28,3913
28,4075
28,4792
28,4793
28,4794
28,4795
28,4874
28,4910
28,5071
28,5256
28,5526
28,5529
28,5844
28,6172
28,6178
28,6275
28,6555
28,6798
28,6877
28,7081
28,7174
28,7569
28,8626
28,9032
28,9107
28,9917
28,10302
28,10507
28,10740
28,10916
28,10917
28,10999
28,11009
28,11073
28,11853
28,12651
28,12671
28,13041
28,13799
28,14093
28,14123
28,15785
28,16678
28,16680
28,16964
28,17873
28,18097
28,19067
28,19099
28,19291
28,19843
28,20743
28,21569
28,21571
28,21695
28,22735
28,23107
28,23301
28,23849
28,24675
28,25365
28,26189
28,27721
28,28257
28,28431
28,28853
28,28925
28,30039
28,30232
28,30686
28,31049
28,31168
28,31231
28,31373
28,31592
28,31911
28,32222
28,32359
28,32369
28,32596
28,32785
28,33419
28,33733
28,33957
28,34034
28,34052
28,34077
28,34198
28,34310
28,34514
28,34799
28,34901
28,36022
28,36552
28,36825
28,36913
28,37283
28,37324
28,37395
28,37968
28,37978
28,38114
28,38235
30,975
30,1181
30,1199
30,1591
30,1804
30,1966
30,1981
30,2015
30,2420
30,2708
30,2710
30,2712
30,3638
30,4689
30,5132
30,7294
30,9204
30,9878
30,10114
30,10690
30,30313
30,31018
30,31033
30,32773
30,36620
32,205
32,790
32,4087
32,6880
32,8525
32,9675
32,10080
32,10805
32,11583
32,12341
32,13757
32,14049
32,14653
32,15117
32,16005
32,16033
32,16035
32,16706
32,17725
32,23153
32,23425
32,25183
34,51
34,100
34,105
34,171
34,477
34,505
34,688
34,689
34,721
34,866
34,942
34,962
34,1191
34,1212
34,1231
34,2131
34,2563
34,3011
34,3265
34,3297
34,3464
34,5244
34,7817
35,76
35,940
35,2132
35,4720
35,4985
35,5277
35,5279
35,6676
35,9355
35,10153
35,29413
35,32397
36,45
36,46
36,103
36,185
36,367
36,481
36,616
36,1065
36,1328
36,1592
36,1972
36,2103
36,2284
36,2333
36,2901
36,3972
36,4459
36,4664
36,6418
36,6509
36,8162
36,9061
36,10015
36,12901
36,15489
36,16303
36,16480
36,16482
36,21639
36,24859
36,28771
36,31672
36,33454
36,33997
36,34866
36,37117
37,29
37,45
37,89
37,107
37,108
37,120
37,122
37,132
37,158
37,204
37,210
37,243
37,251
37,335
37,401
37,419
37,444
37,497
37,537
37,563
37,591
37,624
37,646
37,678
37,750
37,751
37,799
37,879
37,885
37,886
37,907
37,915
37,934
37,1008
37,1010
37,1095
37,1108
37,1168
37,1188
37,1189
37,1288
37,1293
37,1370
37,1372
37,1453
37,1557
37,1577
37,1594
37,1599
37,1704
37,1749
37,1750
37,1889
37,1922
37,1936
37,1981
37,2010
37,2014
37,2031
37,2105
37,2387
37,2562
37,2564
37,2716
37,2899
37,2954
37,2971
37,3000
37,3092
37,3326
37,3457
37,3468
37,3469
37,3652
37,4056
37,4162
37,4664
37,4742
37,4752
37,4756
37,4929
37,4962
37,5060
37,5525
37,5828
37,5841
37,5909
37,6055
37,6064
37,6312
37,6553
37,6604
37,6895
37,6922
37,7337
37,7568
37,7592
37,7639
37,7661
37,7761
37,8422
37,8478
37,8479
37,8841
37,8855
37,8890
37,8891
37,9723
37,9865
37,10049
37,10209
37,10350
37,10497
37,10790
37,10886
37,11083
37,11093
37,11123
37,11197
37,11441
37,11499
37,11663
37,12021
37,12067
37,12461
37,12951
37,13055
37,13115
37,13117
37,13767
37,15437
37,15613
37,15959
37,16700
37,16928
37,17273
37,17749
37,17753
37,18041
37,18055
37,18643
37,18771
37,19257
37,19315
37,19811
37,20047
37,20815
37,21075
37,23037
37,23229
37,24417
37,25077
37,25649
37,25801
37,28607
37,29511
37,29855
37,30030
37,30512
37,30625
37,30831
37,31598
37,31680
37,31997
37,32094
37,32542
37,32876
37,33087
37,33095
37,33417
37,33814
37,33840
37,34016
37,34449
37,34626
37,34927
37,34966
37,35075
37,35295
37,35416
37,36124
37,37029
37,37328
37,37481
37,37487
37,37584
37,37769
37,37990
37,38017
37,38083
38,222
38,226
38,510
38,811
38,863
38,1937
38,1956
38,2508
38,3323
38,3641
38,5020
38,5333
38,6657
38,7740
38,7882
38,8277
38,8456
38,11255
38,11763
38,11859
38,12065
38,13161
38,13855
38,14663
38,14833
38,15377
38,15729
38,16363
38,18231
38,19255
38,21009
38,21215
38,24695
38,25429
38,25689
38,26183
38,28713
38,30237
38,30679
39,63
39,195
39,196
39,403
39,443
39,488
39,524
39,932
39,1218
39,1543
39,1817
39,1888
39,2723
39,3085
39,4156
39,4811
39,10852
41,194
41,584
41,777
41,812
41,909
41,958
41,1578
41,1682
41,1774
41,1808
41,1864
41,2106
41,2170
41,2923
41,3349
41,3572
41,4454
41,4549
41,5262
41,5675
41,6702
41,6904
41,7082
41,7152
41,7222
41,9201
41,9938
41,9982
41,10050
41,10361
41,10804
41,10832
41,11021
41,11751
41,12049
41,12149
41,12689
41,14817
41,14941
41,15177
41,15793
41,16335
41,17265
41,17535
41,19447
41,21177
41,21235
41,21573
41,23133
41,26351
41,30014
41,30016
41,30379
41,30382
41,32151
41,32836
41,33021
41,33113
41,33502
41,33531
41,34414
41,34533
41,34961
41,35889
41,36692
43,126
43,229
43,446
43,1586
43,1731
43,1858
43,2593
43,3782
43,3783
43,3954
43,4280
43,4282
43,5204
43,5306
43,6624
43,6941
43,7646
43,8995
43,9523
43,9608
43,9875
43,10087
43,10417
43,10470
43,11741
43,12437
43,12709
43,12867
43,13183
43,13263
43,14807
43,15393
43,15813
43,19165
43,22847
43,24459
43,25537
43,27631
43,27821
43,28701
43,30911
43,31389
43,33558
43,34086
43,36914
44,146
44,276
44,343
44,412
44,490
44,610
44,710
44,818
44,1546
44,1596
44,1619
44,1623
44,1678
44,1684
44,1732
44,1852
44,2175
44,2226
44,2580
44,3081
44,3165
44,3604
44,3642
44,3674
44,4188
44,4872
44,5030
44,5081
44,5419
44,5715
44,6050
44,6361
44,6377
44,6401
44,6712
44,6747
44,6783
44,6984
44,7044
44,7482
44,7647
44,8211
44,8317
44,8726
44,9260
44,9379
44,9563
44,9712
44,9756
44,10191
44,10469
44,10628
44,10945
44,11237
44,11239
44,11597
44,11977
44,11979
44,11981
44,12991
44,13619
44,14515
44,15407
44,15689
44,17074
44,17739
44,20391
44,21549
44,21603
44,21855
44,23831
44,24227
44,24629
44,24637
44,27787
44,28025
44,28911
44,28913
44,30514
44,31181
44,31646
44,31757
44,31758
44,32153
44,32191
44,32268
44,32553
44,33263
44,33455
44,33698
44,34498
44,34611
44,34647
44,35247
44,36125
44,36796
44,36875
44,37651
45,676
47,2759
47,3784
47,3785
47,23023
47,28149
47,28631
47,33697
47,34085
47,34549
48,50
48,58
48,115
48,206
48,404
48,498
48,540
48,568
48,579
48,621
48,693
48,696
48,744
48,767
48,769
48,880
48,917
48,992
48,1006
48,1025
48,1079
48,1101
48,1146
48,1178
48,1185
48,1271
48,1346
48,1347
48,1349
48,1350
48,1384
48,1443
48,1502
48,1538
48,1772
48,1927
48,1940
48,1944
48,2065
48,2066
48,2079
48,2099
48,2219
48,2277
48,2278
48,2291
48,2292
48,2346
48,2725
48,3135
48,3456
48,3470
48,3625
48,4535
48,5116
48,5781
48,6061
48,6203
48,6512
48,6979
48,7590
48,8676
48,9117
48,9751
48,9925
48,9936
48,10464
48,10545
48,10933
48,11235
48,12291
48,12669
48,15533
48,15951
48,15963
48,16273
48,20187
48,31861
48,32707
49,2166
51,1688
51,2403
51,3121
51,3467
51,4195
51,5504
51,9736
51,10378
51,10849
51,10928
51,15315
51,15453
51,15535
51,18411
51,19221
51,19429
51,21511
51,22663
51,24751
51,25283
51,31418
51,32607
51,32648
51,34800
51,34881
51,35712
51,37277
51,38020
56,2159
56,3073
56,3366
56,3887
56,3958
56,4685
56,4898
56,5234
56,5507
56,5821
56,5978
56,6163
56,6380
56,6641
56,6702
56,6707
56,6793
56,6802
56,7720
56,8115
56,8197
56,8423
56,8449
56,8840
56,9124
56,9136
56,9220
56,9314
56,9793
56,9919
56,9982
56,9989
56,10278
56,10321
56,10532
56,11266
56,11737
56,11889
56,12049
56,12431
56,12711
56,12883
56,13517
56,14513
56,14749
56,14835
56,14989
56,15039
56,15127
56,15771
56,15775
56,16099
56,17437
56,17535
56,18115
56,18119
56,18857
56,19251
56,19367
56,20021
56,20907
56,20973
56,21409
56,21439
56,21473
56,21495
56,21561
56,21775
56,21879
56,21881
56,22043
56,22583
56,22729
56,23273
56,23277
56,23317
56,23459
56,23755
56,24075
56,24543
56,25117
56,25517
56,25907
56,25939
56,26359
56,27655
56,27891
56,28063
56,28069
56,28621
56,29223
56,29317
56,29589
56,29801
56,30218
56,30344
56,30346
56,30347
56,30544
56,30727
56,30778
56,31064
56,31137
56,31149
56,31178
56,31629
56,31637
56,31645
56,31715
56,31722
56,31737
56,31859
56,32174
56,32360
56,32561
56,32735
56,32901
56,32930
56,33046
56,33080
56,33094
56,33170
56,33506
56,34083
56,34240
56,34279
56,34577
56,34618
56,34662
56,34915
56,35338
56,35625
56,35815
56,35823
56,35849
56,35968
56,35972
56,36186
56,36297
56,36327
56,36474
56,36529
56,36923
56,37104
56,37505
56,37908
58,1361
58,2952
60,378
60,391
60,521
60,817
60,927
60,1110
60,1733
60,2157
60,3574
60,3637
60,5477
60,7770
60,9337
60,15811
60,16199
60,18617
60,18619
60,30652
60,31050
60,32511
60,32740
60,32961
60,33720
60,33970
60,34367
60,35240
60,36424
60,36783
63,577
63,670
64,34292
64,35007
65,47
65,338
65,435
65,961
65,1412
65,1426
65,1437
65,1974
65,2043
65,2451
65,2921
65,2922
65,3399
65,3691
65,3734
65,4504
65,5267
65,5460
65,6467
65,8130
65,8763
65,9916
68,1982
68,2047
68,2402
68,2687
68,2747
68,2920
68,3024
68,4083
68,5929
68,6868
68,8234
68,8235
68,19909
68,19973
68,22241
68,22999
68,28109
69,1807
70,64
70,1219
70,1719
70,1884
70,1965
70,2237
70,3577
70,5454
70,6205
70,7782
70,9393
70,9922
70,10076
70,17887
70,18495
70,23367
70,27629
70,30251
70,36906
70,38383
72,917
72,1178
72,1346
72,1347
72,1528
72,3135
72,6636
73,102
73,200
73,279
73,282
73,286
73,364
73,406
73,592
73,620
73,780
73,1076
73,1363
73,1364
73,1365
73,1367
73,1368
73,1369
73,1413
73,1414
73,1418
73,1424
73,1429
73,1492
73,1505
73,1506
73,1559
73,1563
73,1658
73,1736
73,1773
73,1816
73,1878
73,1954
73,1972
73,2156
73,2171
73,2204
73,2309
73,2331
73,2399
73,2512
73,2513
73,2514
73,2515
73,2570
73,2618
73,2708
73,2828
73,2912
73,3019
73,3027
73,3514
73,3731
73,4050
73,4320
73,4447
73,4680
73,4851
73,5019
73,5155
73,5291
73,5343
73,5477
73,5578
73,5809
73,5834
73,5986
73,6115
73,6198
73,6674
73,7211
73,7303
73,7305
73,7329
73,7330
73,7334
73,7471
73,8108
73,8109
73,8206
73,8310
73,8957
73,9007
73,9130
73,9426
73,9446
73,9839
73,10057
73,10058
73,10059
73,10060
73,10061
73,10263
73,10308
73,10330
73,10531
73,10703
73,10766
73,11241
73,11837
73,12117
73,12185
73,13203
73,13249
73,13335
73,13789
73,13839
73,14367
73,14381
73,14735
73,15611
73,15783
73,16183
73,16211
73,16988
73,17004
73,17006
73,17213
73,17219
73,18177
73,18357
73,18429
73,18591
73,18661
73,19433
73,19557
73,19897
73,20113
73,20463
73,21419
73,22275
73,23293
73,23617
73,23787
73,24169
73,24277
73,26209
73,27371
73,27373
73,27491
73,27493
73,27497
73,27501
73,27569
73,27571
73,27683
73,27757
73,27815
73,28305
73,29437
73,29785
73,29901
73,30015
73,30289
73,30413
73,30790
73,30795
73,31196
73,31588
73,31783
73,31883
73,32321
73,32568
73,32676
73,32802
73,32828
73,32829
73,33302
73,33323
73,34233
73,34234
73,34323
73,34337
73,34430
73,34443
73,34580
73,34623
73,34794
73,34871
73,34978
73,35385
73,35466
73,35798
73,36000
73,36563
73,36967
73,37050
73,37126
73,37174
75,197
75,855
75,1874
77,212
77,666
77,950
77,1025
77,1296
77,1300
77,1508
77,2000
77,2182
77,3603
77,4312
78,363
78,577
78,670
78,854
78,1856
78,5671
79,1775
79,2700
80,814
80,1740
80,2330
80,2382
80,2409
80,4052
80,5420
81,546
81,600
81,816
81,1070
81,1517
81,1768
81,1775
81,2786
81,8220
83,241
83,487
83,916
83,2494
83,2683
83,3573
83,5505
83,6381
84,770
84,3167
84,13429
84,20903
86,74
86,278
86,284
86,287
86,297
86,344
86,360
86,385
86,551
86,587
86,590
86,766
86,783
86,789
86,916
86,1045
86,1055
86,1057
86,1139
86,1441
86,1614
86,1891
86,1961
86,1962
86,2492
86,2545
86,2552
86,2762
86,3036
86,3418
86,3429
86,3488
86,3512
86,5132
86,6277
86,6985
86,9812
88,349
88,411
88,685
88,686
88,1555
88,2986
88,5005
88,6582
88,7858
88,8196
88,8314
88,8316
88,8407
88,10588
88,14267
88,14669
88,15617
88,16101
88,25257
88,25259
88,28813
89,5781
91,126
91,141
91,291
91,655
91,1569
91,1933
91,2615
91,4508
91,5034
91,5042
91,7593
91,8536
91,8861
91,10110
91,11179
91,12549
91,14511
91,14575
91,15325
91,17731
91,17875
91,19297
91,19369
91,20221
91,21845
91,22189
91,23121
91,23847
91,25719
91,30705
91,30826
91,30988
91,31566
91,31636
91,31952
91,32013
91,33012
91,33161
91,33712
91,33949
91,34006
91,35602
91,36296
91,36539
93,126
93,2772
93,11203
94,125
94,473
94,708
94,1209
94,2383
94,3001
94,3065
94,3673
94,7953
94,13169
94,20533
94,23201
94,28833
94,31068
94,31223
94,32729
94,33566
94,33728
94,33729
94,33730
94,34021
94,34136
94,35857
95,1071
95,3614
95,4533
95,6112
95,6682
95,7739
95,7774
95,8057
95,8635
95,10079
95,10495
95,12403
95,12665
95,13585
95,14045
95,14811
95,16353
95,16890
95,17351
95,17585
95,20541
95,20557
95,21743
95,22071
95,23227
95,23897
95,23901
95,27633
95,27775
95,28817
95,28825
95,28883
95,29837
95,31234
95,31237
95,31564
95,32084
95,33023
95,33607
95,33731
95,34277
95,34834
95,34855
95,34914
95,35376
95,35963
95,36444
95,36470
95,37206
95,37722
96,1579
96,1617
96,1797
96,3182
96,6327
99,12037
101,87
101,261
101,262
101,558
101,572
101,624
101,627
101,667
101,876
101,914
101,1021
101,1075
101,1097
101,1607
101,1654
101,1655
101,1685
101,1725
101,1744
101,1842
101,2307
101,2464
101,2715
101,2929
101,3390
101,3419
101,4051
101,4443
101,5973
101,6392
101,6425
101,6586
101,7463
101,7897
101,9525
101,9744
101,10987
101,23229
101,30757
101,33546
101,35297
103,389
103,569
103,615
103,920
103,921
103,1261
103,1445
103,1458
103,1598
103,2051
103,2113
103,2114
103,2224
103,2543
103,2574
103,2809
103,2817
103,2820
103,2882
103,2892
103,2933
103,3008
103,3075
103,3153
103,3154
103,3546
103,3670
103,3683
103,3807
103,3809
103,3810
103,3849
103,3858
103,3915
103,3936
103,4154
103,4439
103,4578
103,4598
103,4808
103,4810
103,4981
103,5022
103,5287
103,5344
103,5475
103,5581
103,5833
103,5962
103,6077
103,6374
103,6375
103,6693
103,6889
103,7160
103,7551
103,8011
103,8140
103,8141
103,8183
103,8436
103,8457
103,8786
103,8799
103,8921
103,9159
103,9562
103,9863
103,10163
103,10257
103,10520
103,10775
103,11873
103,12863
103,13231
103,15957
103,16395
103,16718
103,16910
103,17211
103,17403
103,17855
103,18229
103,18497
103,18499
103,19087
103,19171
103,20083
103,20587
103,20987
103,21539
103,22135
103,23135
103,23281
103,23703
103,24619
103,25749
103,26063
103,28155
103,29738
103,30530
103,30925
103,31549
103,31762
103,33026
103,34304
103,34787
103,34888
103,35254
103,35627
103,36191
103,37178
107,507
110,315
110,339
110,474
110,515
110,544
110,800
110,1024
110,1211
110,2700
110,2781
110,4211
110,15579
110,19627
111,13139
112,489
112,757
112,858
112,978
112,1064
112,1544
112,1556
112,1678
112,2215
112,2251
112,2734
112,2978
112,3358
112,3449
112,3637
112,3901
112,4081
112,5112
112,5177
112,5300
112,5341
112,6746
112,6884
112,8129
112,8408
112,9445
112,9493
112,10372
112,10379
112,10391
112,10408
112,10721
112,11633
112,11665
112,11715
112,12611
112,14227
112,14765
112,15085
112,18441
112,18753
112,18849
112,19759
112,19945
112,20031
112,20655
112,21327
112,21405
112,21563
112,22745
112,24029
112,24531
112,24821
112,24913
112,24973
112,27619
112,29976
112,30205
112,30376
112,30739
112,31754
112,32483
112,32608
112,32899
112,33203
112,33798
112,34106
112,34830
112,35222
112,37657
118,521
118,738
118,1110
118,1516
118,4021
118,4038
118,4563
118,5849
118,5941
118,5962
118,6117
118,7655
118,7745
118,8245
118,9890
118,9935
118,9943
118,10525
118,11177
118,11457
118,11917
118,12599
118,13231
118,15211
118,15547
118,15795
118,20087
118,22507
118,29515
118,31319
118,37267
120,143
120,318
120,509
120,545
120,588
120,982
120,983
120,1128
120,1129
120,1456
120,1623
120,1711
120,1810
120,2244
120,2476
120,2911
120,3328
120,3759
120,4744
120,5772
120,11103
120,11445
120,12729
120,13357
120,21809
120,24703
120,30066
120,30300
120,31326
120,32215
120,33834
120,35417
120,35559
120,36037
120,36525
122,234
122,364
122,576
122,850
122,1234
122,1276
122,2158
122,3166
126,24
126,183
126,185
126,340
126,517
126,846
126,2259
126,2489
126,4101
126,4189
126,5520
126,5938
126,6008
126,6098
126,8217
126,10196
126,10359
126,12963
126,12965
126,17497
126,19619
126,22693
126,31417
126,35182
131,417
132,2129
132,6172
132,6234
132,6547
132,9002
132,9062
132,9289
132,9706
132,9940
132,10067
132,10511
132,11701
132,13563
132,17635
132,17909
132,20365
132,21641
132,23079
132,25835
132,27419
132,28999
132,31553
132,34076
132,34453
132,34494
132,35249
132,37497
136,1495
136,1664
136,3355
137,9053
141,34187
150,2199
154,337
154,535
154,1667
154,3907
155,373
155,439
155,1024
155,1762
155,1811
155,2049
155,2274
155,2332
155,2983
155,4854
155,4856
155,4927
155,6078
155,8496
155,8745
155,10481
163,1836
163,2459
163,3225
163,5162
163,5713
163,5859
163,7396
163,8460
163,10620
163,12157
163,12503
163,13807
163,16762
163,18677
163,20545
163,30679
163,31904
163,37601
169,24135
171,35008
175,838
175,3854
175,4049
176,789
176,1727
179,18
179,486
179,623
179,1247
179,1357
179,1379
179,2308
179,2608
179,3146
179,3229
179,3466
179,3656
179,3931
179,9367
179,10172
179,18001
179,21821
179,22361
179,31422
179,32271
179,34734
179,36515
179,36521
179,36524
179,37148
183,1151
183,9324
183,21179
191,506
191,2075
191,2406
191,2686
191,3624
191,3768
191,3769
191,3776
191,4062
191,6701
191,8041
191,8123
191,8183
191,8213
191,8685
191,9905
191,11307
191,11421
191,12767
191,18759
191,19445
191,19559
191,19585
191,20009
191,20081
191,20117
191,23013
191,27993
191,28615
191,30305
191,32353
192,837
196,178
196,179
196,318
196,375
196,386
196,518
196,624
196,629
196,732
196,876
196,1096
196,1240
196,1245
196,1284
196,1324
196,1398
196,1399
196,1400
196,1411
196,1451
196,1582
196,1613
196,1737
196,1899
196,2040
196,2084
196,2087
196,2217
196,2256
196,2272
196,2293
196,2487
196,2510
196,2511
196,2804
196,2820
196,2938
196,3101
196,3176
196,3232
196,3444
196,3676
196,3762
196,3763
196,3874
196,4058
196,4663
196,5266
196,5953
196,6209
196,6511
196,10178
196,10820
196,13299
196,18227
196,19121
196,23985
196,30571
196,30893
196,30905
196,31143
196,31414
196,33102
196,33181
196,35203
196,36976
200,795
200,971
200,1371
200,1373
200,1520
200,1521
200,1983
200,2213
200,2214
200,2264
200,2282
200,2931
200,4071
200,4917
200,5155
200,5293
200,6909
200,8181
200,11799
200,13215
200,14231
200,29517
200,30740
207,370
207,820
207,1035
207,2622
207,3015
207,3016
207,3064
207,3448
207,3509
207,3511
207,4485
207,5032
207,5151
207,5375
207,15141
207,35629
207,37320
207,38008
218,319
218,647
218,835
218,1532
218,1588
218,1933
218,1947
218,2369
218,2603
218,2967
218,3299
218,3322
218,4186
218,6129
218,6324
218,6368
218,6645
218,8086
218,8536
218,9100
218,9353
218,9587
218,9690
218,9750
218,10219
218,10306
218,10934
218,12579
218,13137
218,13863
218,14289
218,15109
218,16868
218,17409
218,17513
218,20919
218,21649
218,21863
218,22693
218,23151
218,24475
218,27417
218,27741
218,29301
218,29974
218,31566
218,32684
218,32943
218,32948
218,33363
218,35159
218,36513
226,2826
228,3975
228,7867
228,17092
228,17893
229,4039
229,17471
229,18939
229,18941
229,28293
229,30409
229,36727
231,28631
234,1049
234,2354
235,3001
235,3618
235,4021
235,17293
235,18983
235,21469
235,22197
235,28221
235,30738
235,31070
235,32805
235,35250
242,432
242,1647
242,2465
242,3596
242,5200
246,2313
246,3836
246,6078
247,255
247,1547
247,2392
247,2393
247,2450
247,2625
247,2626
247,2631
247,2633
247,2645
247,2648
247,2652
247,2656
247,2658
247,2673
247,2674
247,2848
247,3077
247,3130
247,3745
247,4597
247,4936
247,5096
247,5192
247,5830
247,6217
247,6930
247,7045
247,7775
247,8358
247,8361
247,8364
247,8367
247,8369
247,8520
247,8521
247,8677
247,8678
247,8687
247,8842
247,8848
247,8958
247,8959
247,8964
247,9796
247,9799
247,10116
247,10250
247,10534
247,10850
247,10901
247,11545
247,11561
247,11697
247,12243
247,12499
247,12781
247,13159
247,15815
247,15925
247,17315
247,17785
247,18845
247,20075
247,20243
247,20961
247,20977
247,21395
247,21469
247,21493
247,22593
247,22595
247,22975
247,22977
247,22991
247,22993
247,23515
247,23973
247,24365
247,24663
247,27653
247,27681
247,27837
247,27911
247,28089
247,28869
247,29233
247,29611
247,30177
247,30648
247,30649
247,31670
247,31978
247,33661
247,33672
247,34244
247,34527
247,35139
247,35220
247,35740
247,36552
247,37267
247,37621
249,6947
249,33213
253,363
256,3641
256,5549
258,1706
259,17933
271,16656
273,3087
276,4737
276,6528
276,7175
276,7596
276,8356
276,8357
276,8960
276,9598
276,9797
276,10338
276,10459
276,10539
276,10540
276,10633
276,10797
276,10802
276,12321
276,12727
276,13431
276,13433
276,13965
276,13967
276,13983
276,15389
276,17707
276,18003
276,18391
276,19169
276,19305
276,20705
276,20999
276,22421
276,22541
276,22669
276,23213
276,23857
276,23895
276,24977
276,25987
276,27621
276,27757
276,28185
276,28247
276,28401
276,29820
276,29821
276,29822
276,29823
276,29832
276,29860
276,29861
276,29862
276,30144
276,30442
276,30651
276,30752
276,30753
276,30754
276,30777
276,30851
276,30892
276,31071
276,31410
276,31464
276,31599
276,32011
276,32197
276,32559
276,32666
276,32830
276,32842
276,32892
276,33188
276,33500
276,33501
276,33662
276,33846
276,33914
276,33933
276,33975
276,34156
276,34309
276,34369
276,34373
276,34613
276,34948
276,35139
276,35140
276,35142
276,35286
276,35350
276,35443
276,35516
276,35612
276,35739
276,35914
276,36135
276,36234
276,36261
276,36409
276,36520
276,36881
276,37115
276,37249
276,37433
276,37559
276,37655
276,37664
276,37665
276,37667
280,1225
280,1466
281,3808
281,4242
287,5593
287,9834
287,10396
287,11013
287,12447
287,14719
287,16157
287,20479
287,21089
287,31631
287,31933
287,33091
287,33190
287,34102
287,36934
287,37141
287,37991
288,36229
290,5983
290,7654
290,9332
290,10260
290,10390
290,11103
290,13833
290,15545
290,15633
290,19029
290,19653
290,20787
290,22789
290,27687
290,31452
290,31747
290,31804
290,32879
290,33031
290,33035
290,33118
290,34599
290,38050
291,256
291,1220
291,1689
291,9760
291,11355
291,16782
291,17121
291,22839
291,31549
291,31815
291,32281
291,32309
291,32734
291,37396
292,5670
292,6166
292,6959
292,7549
292,9618
292,9741
292,9934
292,10936
292,13681
292,15583
292,17641
292,19841
292,21325
292,24699
293,6162
298,6280
298,38022
300,5734
300,6347
300,6705
300,7805
300,7870
300,8516
300,9471
300,9988
300,10578
300,10834
300,12445
300,12505
300,14189
300,14199
300,15005
300,16742
300,17549
300,18095
300,18851
300,20449
300,21667
300,22865
300,23623
300,23725
300,25011
300,26019
300,26165
300,30091
300,30296
300,30485
300,31056
300,31080
300,31706
300,31797
300,32171
300,32547
300,32555
300,32866
300,33004
300,33456
300,33475
300,34012
300,34100
300,34644
300,35078
300,35314
300,35315
300,35413
300,35522
300,36009
300,36309
300,36817
300,36833
300,36990
300,37045
300,37047
300,37377
304,9014
309,6201
309,7176
309,7468
309,8100
309,8231
309,9479
309,10624
309,12053
309,20847
309,27991
309,32981
309,35202
309,37304
309,37305
311,970
312,1913
312,8832
312,32884
314,6594
314,9253
314,10863
314,11577
314,12413
314,15735
314,20555
314,20951
314,22199
314,26449
314,27957
314,30484
314,30901
314,32188
314,33185
314,33668
314,34176
314,34538
314,34818
314,35838
314,36286
314,36777
314,37349
315,6604
315,17749
315,17753
318,413
318,6670
318,10258
318,20835
318,33341
318,35427
322,1243
322,7915
322,31050
324,36298
329,2262
330,3738
330,4130
330,5397
330,8631
330,10513
330,16347
330,30751
330,32916
330,34502
330,36894
331,6932
333,6946
333,7817
333,10711
333,12875
333,13283
333,13349
333,15731
333,20971
333,21497
333,21737
333,23225
333,23673
333,25169
333,25729
333,28283
333,29129
333,29829
333,29830
333,29831
333,29893
333,30279
333,30390
333,30902
333,34179
333,37133
334,3958
334,5978
334,9314
334,11285
334,13253
334,15751
334,17391
334,17637
334,18523
334,25875
334,30419
334,30445
334,32382
334,33105
338,2907
338,8765
338,11203
343,33739
346,6500
346,6987
346,10073
346,12467
346,14753
346,15391
346,15883
346,17827
346,18039
346,19685
346,24451
346,27967
346,31491
346,32502
346,35997
354,11751
354,17637
354,28221
354,31070
354,33654
354,33808
354,34402
354,35818
358,2150
358,2813
358,2815
358,2822
358,3194
361,11705
363,572
363,2823
363,19959
367,5945
370,24127
374,8176
385,5023
386,8450
388,1204
390,3131
390,33300
397,7627
397,9396
397,9510
397,9793
397,19855
397,22043
397,24847
397,32571
397,32595
397,34262
397,34979
397,35972
397,36847
397,37172
397,37368
398,6069
398,11547
398,12481
398,12483
400,7591
400,9624
400,9794
400,10847
400,12131
400,15649
400,15781
400,18755
400,18781
400,21073
400,23539
400,26079
400,28151
400,29865
400,31903
400,32664
400,33779
400,34257
400,34535
400,35346
400,35883
400,36500
400,36942
400,37424
400,38089
400,38211
401,10384
401,22785
403,8889
404,3127
404,8898
406,2804
406,2820
406,3462
406,7523
406,9241
406,9506
406,10859
406,11043
406,11521
406,11761
406,14527
406,21451
406,22439
406,22683
406,22835
406,28151
406,29941
406,30133
406,31143
406,31498
406,32421
406,33998
406,34000
406,37258
409,1167
409,3193
413,821
413,822
413,2335
413,2698
413,3913
418,8876
418,9776
418,10737
418,10884
418,11933
418,13367
418,15609
418,15989
418,16123
418,16355
418,16732
418,21167
418,23269
418,25519
418,27709
418,31930
418,32214
418,33034
418,33836
418,34284
418,34374
418,34376
418,34445
418,35285
418,35298
418,37026
418,37579
420,1200
420,10270
425,9335
432,10506
432,10995
432,13463
432,15045
432,15749
432,16908
432,17353
432,21713
432,21981
432,22585
432,23555
432,24403
432,24773
432,24793
432,24803
432,24807
432,24809
432,24811
432,29361
432,29715
432,30411
432,30989
432,31020
432,31361
432,31539
432,31562
432,31662
432,32275
432,32276
432,32402
432,32663
432,32875
432,32944
432,33085
432,33398
432,33727
432,34091
432,34092
432,35513
432,35957
432,36611
432,37467
433,766
433,1067
435,9884
435,33234
436,8769
436,10719
436,10897
436,12175
436,14027
436,14967
436,18045
437,9595
437,33420
437,34167
437,35330
437,38078
439,16656
439,17777
439,21679
439,22225
439,31404
439,34501
439,34565
439,35905
441,7222
441,9041
441,14355
441,16614
441,17341
441,17729
441,18247
441,19151
441,21435
441,21653
441,25397
441,29093
441,29095
441,31318
441,31324
441,31368
441,31716
441,32175
441,32900
441,33242
441,33491
441,34104
441,34126
441,35672
441,35673
441,35828
441,37430
442,364
442,2158
442,5037
443,9689
443,10406
443,14077
443,27857
443,30732
443,31138
443,33142
443,33806
443,34519
443,34723
443,34742
443,36468
443,37087
444,4362
444,34233
444,34337
444,36003
444,36166
451,2619
452,9906
452,10709
452,33310
455,240
455,669
455,1141
455,1589
455,1885
455,2337
455,10005
456,10012
456,12187
456,12255
456,15927
456,16592
456,21415
456,23421
456,24765
456,24833
456,25915
456,28405
456,28619
456,30290
456,30307
456,30813
456,31923
456,32189
456,32698
456,32949
456,33003
456,33028
456,33511
456,34103
456,34389
456,35079
456,35241
456,35507
456,36094
456,37109
456,37171
462,1158
462,3593
462,5147
463,359
463,995
463,4053
463,5751
463,10731
463,11371
463,13245
463,21755
463,31456
463,34490
463,37910
466,10349
466,17209
471,31972
471,32920
471,34510
471,34511
472,35681
472,36486
472,36549
472,36550
473,8142
473,10016
473,23409
473,29687
473,34905
474,712
474,4331
474,8244
474,10855
474,16906
475,1926
475,1949
475,30663
475,31377
475,35502
477,4200
478,13993
478,35712
486,2969
486,3446
486,5505
486,9544
486,32071
486,36197
494,6718
525,33717
537,11285
537,11755
537,15313
537,18893
537,20033
537,20267
537,24919
537,28249
537,29017
537,30384
537,30952
537,32023
537,33797
537,36861
537,37873
541,5962
541,12921
541,16169
541,21067
541,22123
541,23433
541,23551
541,23679
541,25441
541,25861
541,26349
541,28819
541,29067
541,30746
541,32603
541,32625
541,32634
541,33659
541,34295
541,34823
541,35730
541,36027
541,36198
541,36519
541,37458
553,5341
553,6884
553,12237
555,12355
555,36936
559,13429
563,33564
563,34088
565,11547
565,11769
567,1351
567,12769
569,15125
569,15227
569,16389
569,17897
569,18121
569,19647
569,20473
569,21201
569,21843
569,23283
569,23311
569,25267
569,25491
569,28447
569,28537
569,28617
569,29854
569,30736
569,31098
569,32415
569,34028
569,34547
569,34642
569,35382
569,36144
569,36649
569,37032
569,37976
581,13029
583,1466
587,13163
587,35682
593,5353
593,13455
593,22465
601,11021
601,16335
601,30806
605,12123
605,21267
605,33502
605,34785
605,35983
605,38067
629,3661
723,17849
753,33712
765,31865
803,14349
803,16774
803,17843
803,18679
803,19133
803,21659
803,23605
803,25159
803,25943
803,25991
803,28149
803,29707
803,31798
803,32681
803,33770
803,35847
803,35849
805,14563
805,16436
819,15111
819,27503
819,30463
819,33772
819,33773
825,15133
827,321
833,31578
833,32906
833,33541
839,15751
839,17082
839,17391
839,18523
839,20033
839,20267
839,20359
839,22687
839,23991
839,24627
839,28249
839,28677
839,30384
839,30641
839,30806
839,30952
839,31821
839,32491
839,32673
839,33254
839,34934
839,35465
839,37023
839,37259
839,37475
848,14827
852,16381
852,28237
852,30296
852,31909
852,35756
856,16405
856,16936
856,18419
856,36728
858,16498
858,19285
858,20431
858,23775
858,23777
858,25777
858,25781
858,25867
858,26243
858,28927
858,30714
858,31378
858,31756
858,31918
858,32902
858,33205
858,33519
858,33520
858,34939
858,34984
858,35062
858,35086
858,35424
858,35425
858,35684
858,36702
858,37031
860,2538
866,6721
866,20755
866,24275
866,26163
866,29722
866,30602
866,32977
866,33241
866,34013
866,35999
878,16023
884,36797
890,476
894,777
894,13391
894,18191
894,28833
894,33728
894,33729
894,33730
894,35076
896,31402
898,17080
911,15043
911,17727
911,23309
911,28497
911,31593
911,33948
911,34281
911,34382
911,37265
911,37663
911,38433
929,18507
929,22265
929,36704
939,6383
945,33756
949,32502
951,20689
951,23115
951,32031
951,32446
951,32695
951,34403
951,35237
951,35834
951,36632
957,30091
957,33475
999,30278
999,32152
999,32566
1005,31699
1005,35530
1009,4800
1013,20329
1013,29751
1013,35563
1013,35574
1013,35575
1023,5998
1023,19775
1023,25609
1023,25611
1023,25613
1023,25615
1023,25619
1023,28495
1023,29105
1023,30868
1023,30870
1023,31580
1023,32015
1023,32086
1023,34720
1023,34721
1023,36655
1023,37255
1023,37388
1025,2735
1025,3151
1025,12863
1025,13165
1025,13167
1025,23135
1025,34787
1025,37178
1033,20671
1033,23285
1033,28205
1033,30585
1033,31846
1033,32959
1033,37407
1037,385
1037,1678
1053,12783
1053,15883
1053,20457
1053,22057
1053,22961
1053,23233
1053,24655
1053,24705
1053,29027
1053,30363
1053,31338
1053,31500
1053,31790
1053,31845
1053,32301
1053,34125
1053,34447
1053,36688
1055,34595
1055,34851
1055,35450
1063,34207
1065,8765
1067,8792
1067,21451
1067,31519
1067,32886
1067,33746
1067,38177
1075,21033
1075,25241
1075,33033
1075,33362
1075,34798
1075,36029
1075,37341
1075,37856
1077,24845
1079,29785
1087,21267
1087,22097
1087,28077
1087,30383
1087,31530
1087,34321
1087,37221
1091,33342
1091,33484
1091,33691
1091,34037
1099,22381
1103,22729
1103,27655
1103,29223
1103,30187
1103,33899
1103,37786
1109,20787
1109,31163
1109,31790
1109,38021
1111,34903
1111,37561
1111,38262
1115,7252
1119,23199
1119,27831
1119,27833
1119,30191
1119,31552
1119,32915
1119,32983
1119,32998
1119,33964
1119,34591
1119,34777
1119,36275
1119,36538
1119,36756
1127,23209
1127,30919
1127,31163
1127,32410
1127,32979
1127,35240
1127,36424
1127,36475
1127,37831
1129,9120
1129,10479
1129,20709
1129,25647
1129,25859
1129,32606
1129,34771
1129,36902
1129,37662
1129,38001
1131,679
1131,1285
1131,1286
1131,3005
1133,8815
1133,33122
1133,33480
1133,36572
1133,36575
1133,36577
1133,36578
1133,36582
1133,37018
1133,37020
1133,37144
1133,37145
1135,31549
1135,32734
1143,32014
1155,19391
1155,25875
1155,38354
1157,2058
1165,22225
1169,19383
1169,22537
1169,30947
1169,30948
1169,31994
1169,33696
1169,33803
1169,34467
1169,35069
1169,35714
1169,38022
1173,34048
1181,25963
1181,25965
1181,25967
1181,25969
1181,25971
1181,25973
1181,25975
1181,25977
1181,25979
1181,25985
1181,26007
1181,26009
1181,26011
1181,26013
1181,26015
1181,26017
1185,7915
1187,5928
1191,1377
1193,10258
1193,18047
1193,20835
1195,26085
1195,30127
1195,30600
1195,30721
1195,31683
1195,31848
1195,32697
1195,33201
1195,33244
1195,33462
1195,34383
1195,35484
1195,36943
1195,37000
1195,37265
1195,37663
1195,37826
1195,38433
1197,27969
1197,30013
1209,30010
1209,34411
1209,37408
1217,36771
1229,32956
1229,33290
1229,34845
1229,35510
1229,35590
1231,884
1231,6900
1231,28595
1231,29846
1231,31373
1231,32596
1231,33685
1231,33686
1231,33687
1237,26395
1237,30419
1237,30567
1237,31440
1237,31608
1237,31668
1237,32228
1237,32379
1237,32454
1237,32816
1237,33811
1237,34522
1237,34615
1237,35009
1237,35676
1239,4189
1244,29854
1244,34028
1244,36098
1244,36858
1244,37447
1249,19213
1252,30089
1252,32557
1257,27927
1257,31426
1257,34501
1258,30438
1258,31471
1258,31485
1258,31573
1258,32122
1258,32366
1258,32670
1258,32806
1258,33045
1258,35843
1258,36838
1258,36955
1258,37204
1258,37491
1260,95
1263,27539
1264,28981
1264,31139
1264,31804
1264,32262
1264,33118
1264,33222
1264,33245
1264,35250
1264,35923
1264,36001
1264,36629
1264,37446
1265,30524
1265,32682
1265,36784
1266,28929
1266,32999
1268,30412
1268,33196
1268,33350
1276,13439
1276,30850
1278,30923
1278,33685
1278,33686
1278,33687
1278,34893
1278,35235
1278,36038
1278,38254
1279,30922
1282,2475
1286,30290
1286,31055
1286,32383
1286,34488
1291,31633
1292,33429
1295,33795
1295,34213
1295,34280
1295,34481
1295,35639
1296,31853
1296,36097
1296,36418
1296,36991
1299,31439
1299,31930
1299,32214
1299,33836
1299,35298
1299,36510
1299,37579
1300,31578
1304,31245
1306,8426
1306,10935
1306,14073
1306,15379
1306,16636
1313,1045
1314,32190
1314,32248
1314,32251
1314,35047
1314,35586
1314,36652
1320,35302
1324,25393
1324,32058
1324,32059
1325,28673
1325,29087
1325,29089
1325,30166
1325,31233
1325,31499
1325,32936
1325,33209
1325,33339
1325,33357
1325,33446
1325,33605
1325,34009
1325,34525
1325,34724
1325,34940
1325,35044
1325,35215
1325,35333
1325,36148
1325,36160
1325,36291
1325,36522
1325,36545
1325,36790
1325,36823
1325,36824
1325,37005
1325,37090
1325,37564
1325,37894
1340,34392
1340,34393
1340,34733
1340,35251
1340,36834
1350,32323
1350,33926
1350,33969
1350,34602
1350,36848
1350,37044
1350,37208
1353,34412
1356,25541
1357,35255
1360,31339
1360,33032
1360,37034
1360,37046
1361,1347
1361,1348
1361,2292
1362,32665
1363,600
1370,31373
1371,989
1372,2146
1379,33447
1379,33850
1379,34019
1379,34543
1379,36431
1379,36525
1379,37105
1379,38061
1379,38203
1380,32954
1380,33681
1381,32379
1381,35009
1381,35676
1383,1874
1383,2356
1387,32934
1387,33042
1393,36028
1393,36548
1393,37755
1393,37884
1396,30617
1396,32447
1396,33105
1396,35472
1396,35473
1396,36501
1396,36502
1396,38018
1399,38007
1419,33913
1419,35504
1421,36233
1433,32832
1435,1608
1435,7122
1435,17624
1436,7561
1436,18375
1437,1583
1440,34658
1440,37983
1442,1942
1444,33255
1444,34612
1454,4189
1460,36571
1462,10259
1464,3127
1471,33726
1471,37997
1473,12917
1476,2765
1476,3990
1476,7523
1476,23969
1479,2414
1485,37179
1487,33394
1487,33723
1509,1302
1509,3670
1509,8324
1512,3900
1513,3900
1514,33690
1514,34725
1522,33528
1522,35526
1523,31107
1523,34541
1525,32851
1525,32852
1529,33983
1529,36858
1533,16247
1536,33421
1545,2834
1547,33771
1547,37641
1549,970
1558,34234
1560,19919
1560,21851
1560,23375
1560,28835
1560,35347
1562,33392
1562,33457
1567,34904
1569,17505
1569,17947
1569,24171
1569,25157
1569,31493
1569,31621
1569,31851
1569,32397
1569,33572
1569,33589
1569,34812
1569,35063
1569,35964
1575,32613
1591,34537
1591,34792
1591,37590
1593,38413
1596,34151
1618,27969
1661,35114
1661,36288
1662,786
1662,7750
1667,33508
1667,34300
1667,36491
1667,37184
1667,37185
1667,37620
1668,34864
1669,33280
1669,36266
1670,34167
1673,32447
1673,36501
1673,36502
1673,37873
1687,35624
1691,38049
1706,34129
1706,35650
1706,37938
1717,31830
1717,36063
1717,36095
1717,36096
1717,36101
1722,36155
1724,2072
1725,20707
1725,36169
1725,36170
1725,36172
1725,36173
1725,36175
1725,36180
1726,1739
1726,36349
1746,36580
1746,36585
1746,36586
1751,36716
1751,36759
1751,36764
1751,36765
1751,36766
1753,36759
1754,2826
1759,36840
1762,35011
1763,35681
1764,35683
1766,32571
1766,34979
1766,37368
1768,9806
1768,11841
1768,15905
1768,29935
1768,29936
1768,29937
1768,33278
1768,33758
1768,36910
1768,37150
1768,37566
1768,37888
1770,36569
1771,33339
1771,36290
1771,37564
1774,35044
1774,35215
1774,36226
1774,36290
1797,36565
1805,37175
1805,37641
1807,36428
1807,36775
1807,37886
1808,33762
1808,33763
1808,36762
1810,27825
1810,31678
1810,36722
1813,36943
1814,2079
1829,34257
1829,35346
1829,35883
1829,36500
1829,36942
1829,37424
1830,37740
1830,38285
1835,35849
1835,35972
1835,36023
1835,37450
1835,37589
1837,37790
1839,33972
1842,2314
1843,37760
1844,35691
1846,33234
1847,35684
1848,37879
1849,38251
1851,37561
1860,36632
1861,38147
1864,37517
1866,37904
1867,37904
1871,37787
1872,37787
1876,37784
1876,38411
1879,38413
1882,34280
1882,37021
1882,37280
1892,33438
1897,38292
1903,38395
